{"9a7a-DCs.Stargirl.S02E10.720p.HDTV.x264-SYNCOPY[ettv].torrent": {"size": 691.0, "cat": "TV > HD/X264/H264", "lang": "English"}, "fc1f-Law.and.Order.SVU.S23E05.720p.WEB.H264-CAKES[ettv].torrent": {"size": 718.0, "cat": "TV > HD/X264/H264", "lang": "English"}, "3cb0-Magnum.P.I.2018.S04E03.720p.HDTV.x264-SYNCOPY[ettv].torrent": {"size": 1210.0, "cat": "TV > HD/X264/H264", "lang": "English"}, "c34b-What.We.Do.In.The.Shadows.S03E08.720p.WEB.h264-GOSSIP[ettv].torrent": {"size": 931.0, "cat": "TV > HD/X264/H264", "lang": "English"}, "4631-The.Power.2021.BRRip.XviD.AC3-EVO[TGx]-31298.torrent": {"size": 1360.0, "cat": "Movies > XviD", "lang": "English"}, "dfe2-Unearth.2021.BRRip.XviD.AC3-EVO[TGx]-11826.torrent": {"size": 1380.0, "cat": "Movies > XviD", "lang": "English"}, "8fa8-Copshop.2021.HDRip.XviD.AC3-EVO[TGx]-5256.torrent": {"size": 1330.0, "cat": "Movies > XviD", "lang": "English"}, "8d52-The.Survivalist.2021.BRRip.XviD.AC3-EVO[TGx]-14993.torrent": {"size": 1320.0, "cat": "Movies > XviD", "lang": "English"}, "8345-The Beach (2000) 720P Bluray X264 [Moviesfd].torrent": {"size": 910.0, "cat": "Movies > HD 720p", "lang": "English"}, "0fdf-South Park Bigger Longer and Uncut (1999) 720P Bluray X264 [Moviesfd].torrent": {"size": 648.0, "cat": "Movies > HD 720p", "lang": "English"}, "80b2-The Pianist (2002) 720P Bluray X264 [Moviesfd].torrent": {"size": 1160.0, "cat": "Movies > HD 720p", "lang": "English"}, "2bfd-The Mummy Returns (2001) 720P Bluray X264 [Moviesfd].torrent": {"size": 1010.0, "cat": "Movies > HD 720p", "lang": "English"}, "5469-The.Terminator.1984.Remastered.WEBRip.2160p.UHD.SDR.Eng.DTS.DD5.1.gerald99.torrent": {"size": 20760.0, "cat": "Movies > UltraHD/4K", "lang": ""}, "b457-Se7en.1995.Remastered.BDRip.UHD.SDR.Eng.DTS.HD-MA.DD5.1.gerald99.torrent": {"size": 27410.0, "cat": "Movies > UltraHD/4K", "lang": "English"}, "fc14-Copshop.2021.2160p.AMZN.WEB-DL.DDP5.1.HDR.HEVC-CMRG[TGx]-12021.torrent": {"size": 11710.0, "cat": "Movies > UltraHD/4K", "lang": "English"}, "2f23-The.Night.House.2020.4K.HDR.2160p.WEBDL ISub Ita  x265-NAHOM.torrent": {"size": 18640.0, "cat": "Movies > UltraHD/4K", "lang": "English"}, "71b3-Je Suis Karl 2021 YG.torrent": {"size": 1030.0, "cat": "Movies > HD 720p", "lang": "German"}, "c496-Escape.Room.2.Gioco.Mortale.2021.iTALiAN.AC3.EXTENDED.BRRip.XviD-T4P3.torrent": {"size": 1220.0, "cat": "Movies > XviD", "lang": "Italian"}, "7e8f-Comedians.2021.iTALiAN.AC3.DVDRip.XviD-T4P3.torrent": {"size": 1200.0, "cat": "Movies > XviD", "lang": "Italian"}, "9395-Chal.Mera.Putt.2.2021.1080p.CAMRip.HINDI.DUB.BetMaster.mkv.torrent": {"size": 1740.0, "cat": "Movies > CAM/TS", "lang": "English"}, "e6f8-No.Time.to.Die.2021.720p.HDCAM-C1NEM4.torrent": {"size": 2910.0, "cat": "Movies > CAM/TS", "lang": "English"}, "3725-Venom Let There Be Carnage (2021) English 720p CAMRip [NO LOGO] x264 AAC 1.2GB [Themoviesboss].mkv.torrent": {"size": 1190.0, "cat": "Movies > CAM/TS", "lang": "English"}, "2e11-Halloween.Kills.2021.720p.HDCAM-C1NEM4[TGx]-21938.torrent": {"size": 1490.0, "cat": "Movies > CAM/TS", "lang": "English"}, "ea69-The.Last.Duel.2021.720p.HDCAM-C1NEM4[TGx]-8635.torrent": {"size": 2620.0, "cat": "Movies > CAM/TS", "lang": "English"}, "d53c-Squid Game (Netflix Series Soundtrack) (2021) Mp3 320kbps [PMEDIA] \u2b50\ufe0f.torrent": {"size": 164.0, "cat": "Music > MP3", "lang": "English"}, "86cd-Coldplay - Music Of The Spheres (2021) Original Mp3 320kbps [PMEDIA] \u2b50\ufe0f.torrent": {"size": 96.0, "cat": "Music > MP3", "lang": "English"}, "1ab6-Official UK Top 40 Biggest Albums Of 2021 So Far (Mp3 320kbps) [PMEDIA] \u2b50\ufe0f.torrent": {"size": 7820.0, "cat": "Music > MP3", "lang": "English"}, "b451-TikTok Trending Top 50 Singles Chart (08-Oct-2021) Mp3 320kbps [PMEDIA] \u2b50\ufe0f.torrent": {"size": 359.0, "cat": "Music > MP3", "lang": "English"}, "08d3-The.Mandalorian.S01E06.2019.1080p.WEBRip.X264.AC3-EVO[TGx]-3827.torrent": {"size": 3320.0, "cat": "TV > HD/X264/H264", "lang": "English"}, "9992-The.Mandalorian.S01E04.iNTERNAL.720p.WEB.H264-AMRAP[eztv].mkv.torrent": {"size": 1220.0, "cat": "TV > HD/X264/H264", "lang": "English"}, "debc-Rick.and.Morty.S04E02.720p.WEBRip.x264-TBS[TGx]-32453.torrent": {"size": 298.0, "cat": "TV > HD/X264/H264", "lang": "English"}, "b459-Rick.and.Morty.S04E04.Claw.and.Hoarder.Special.Ricktims.Morty.HDTV.x264-CRiMSON[TGx]-27342.torrent": {"size": 157.0, "cat": "TV > SD/X264/H264", "lang": "English"}, "3e41-Chernobyl.S01E04.720p.WEBRip.x264-TBS[TGx]-16239.torrent": {"size": 1980.0, "cat": "TV > HD/X264/H264", "lang": "English"}, "bbe6-The.Mandalorian.S02E07.Chapter.15.The.Believer.1080p.WEB-DL.X264.Atmos-EVO.torrent": {"size": 2600.0, "cat": "TV > HD/X264/H264", "lang": "English"}, "cb4f-The.Mandalorian.S01E06.iNTERNAL.720p.WEB.H264-AMRAP[TGx]-4718.torrent": {"size": 1440.0, "cat": "TV > HD/X264/H264", "lang": "English"}, "6922-The.Mandalorian.S01E07.iNTERNAL.720p.WEB.H264-GHOSTS[TGx]-31705.torrent": {"size": 1340.0, "cat": "TV > HD/X264/H264", "lang": "English"}, "d967-UFC.246.PPV.McGregor.vs.Cerrone.HDTV.x264-PUNCH[TGx]-1248.torrent": {"size": 1350.0, "cat": "TV > Sport", "lang": "English"}, "72ee-Game.of.Thrones.S08E05.WEB.H264-MEMENTO[rartv]-[rarbg.to].torrent": {"size": 626.0, "cat": "TV > SD/X264/H264", "lang": "English"}, "ad66-[limetorrents.info]The.Mandalorian.S01E01.INTERNAL.1080p.WEB.H264-DEFLATE.torrent": {"size": 2500.0, "cat": "TV > HD/X264/H264", "lang": "English"}, "2c1f-Game.of.Thrones.S08E05.720p.WEB.H264-MEMENTO[eztv].mkv.torrent": {"size": 2720.0, "cat": "TV > HD/X264/H264", "lang": "English"}, "9c56-Watchmen.S01E08.1080p.WEB.h264-TBS[TGx]-19773.torrent": {"size": 1570.0, "cat": "TV > HD/X264/H264", "lang": "English"}, "2490-[limetorrents.info]Game.of.Thrones.S08E06.FiNAL.FRENCH.HDTV.XviD.EXTREME.torrent": {"size": 614.0, "cat": "TV > SD/X264/H264", "lang": "French"}, "d493-The.Mandalorian.S01E08.iNTERNAL.720p.WEB.H264-GHOSTS[eztv].mkv.torrent": {"size": 1620.0, "cat": "TV > HD/X264/H264", "lang": "English"}, "c1cc-Game.of.Thrones.S08E05.720p.WEB.H264-MEMENTO[rartv]-[rarbg.to].torrent": {"size": 2720.0, "cat": "TV > HD/X264/H264", "lang": ""}, "5cea-The.Mandalorian.S01E08.1080p.WEBRiP.x264-PETRiFiED[TGx]-26322.torrent": {"size": 2680.0, "cat": "TV > HD/X264/H264", "lang": "English"}, "286d-Good.Omens.S01.COMPLETE.720p.WEB.x264-GalaxyTV[TGx]-31918.torrent": {"size": 2090.0, "cat": "TV > TV Packs", "lang": "English"}, "ce7d-Game.of.Thrones.S08E05.1080p.AMZN.WEBRip.DDP5.1.x264-GoT[rartv]-[rarbg.to].torrent": {"size": 4950.0, "cat": "TV > HD/X264/H264", "lang": "English"}, "79d5-Game.of.Thrones.S08E05.1080p.WEB.H264-MEMENTO[rartv]-[rarbg.to].torrent": {"size": 5570.0, "cat": "TV > HD/X264/H264", "lang": "English"}, "eed3-The.Flash.2014.S06E09.HDTV.x264-PHOENiX[TGx]-8478.torrent": {"size": 312.0, "cat": "TV > SD/X264/H264", "lang": "English"}, "d497-UFC.245.PPV.Usman.vs.Covington.WEB.x264-PUNCH[TGx]-261.torrent": {"size": 2220.0, "cat": "TV > Sport", "lang": "English"}, "7950-UFC.242.PPV.Khabib.vs.Porier.HDTV.x264-PUNCH[TGx]-19284.torrent": {"size": 1500.0, "cat": "TV > Sport", "lang": "English"}, "209d-WandaVision.S01E09.The.Series.Finale.1080p.DSNP.WEB-DL.DDP5.1.H.264-EVO.torrent": {"size": 2530.0, "cat": "TV > HD/X264/H264", "lang": "English"}, "2fff-Gangs.Of.London.S01.COMPLETE.720p.HDTV.x264-GalaxyTV[TGx]-16980.torrent": {"size": 3330.0, "cat": "TV > TV Packs", "lang": "English"}, "79c2-South.Park.S00E42.The.Pandemic.Special.1080p.AAC.2.0-PRiCK[TGx]-17956.torrent": {"size": 1620.0, "cat": "TV > HD/X264/H264", "lang": "English"}, "7dca-UFC.247.PPV.Jones.vs.Reyes.HDTV.x264-PUNCH[TGx]-5111.torrent": {"size": 1560.0, "cat": "TV > Sport", "lang": "English"}, "4dc2-Chernobyl.S01E05.Vichnaya.Pamyat.1080p.AMZN.WEB-DL.DDP5.1.H.264-NTb[TGx]-22330.torrent": {"size": 4910.0, "cat": "TV > HD/X264/H264", "lang": "English"}, "8620-The.Walking.Dead.S10E06.WEB.H264-XLF[ettv].torrent": {"size": 490.0, "cat": "TV > SD/X264/H264", "lang": "English"}, "845c-Game.of.Thrones.S08E05.720p.WEB.x265-MiNX[eztv].mkv.torrent": {"size": 472.0, "cat": "TV > HD/X264/H264", "lang": "English"}, "08b7-Space.Force.S01.COMPLETE.720p.NF.WEBRip.x264-GalaxyTV[TGx]-25290.torrent": {"size": 1570.0, "cat": "TV > TV Packs", "lang": "English"}, "44d2-UFC.248.PPV.Adesanya.vs.Romero.HDTV.x264-PUNCH[TGx]-19984.torrent": {"size": 2020.0, "cat": "TV > Sport", "lang": "English"}, "dd90-The.Mandalorian.S01E06.WEB.x264-PHOENiX[TGx]-13797.torrent": {"size": 203.0, "cat": "TV > SD/X264/H264", "lang": "English"}, "6d05-His.Dark.Materials.S01E06.1080p.HDTV.H264-MTB[TGx]-19500.torrent": {"size": 1520.0, "cat": "TV > HD/X264/H264", "lang": "English"}, "edaa-Batwoman.S01E01.HDTV.x264-PHOENiX[TGx]-3318.torrent": {"size": 250.0, "cat": "TV > SD/X264/H264", "lang": "English"}, "0f70-UFC.238.PPV.Cejudo.vs.Moraes.WEB.x264-PUNCH[TGx]-18399.torrent": {"size": 1570.0, "cat": "TV > Sport", "lang": "English"}, "e1c6-Titans.2018.S02E04.HDTV.x264-MiKEPANTS[TGx]-27655.torrent": {"size": 241.0, "cat": "TV > SD/X264/H264", "lang": "English"}, "99aa-The.Witcher.S01.COMPLETE.720p.NF.WEBRip.x264-GalaxyTV[TGx]-10990.torrent": {"size": 3160.0, "cat": "TV > TV Packs", "lang": "English"}, "663d-The.Umbrella.Academy.S02.COMPLETE.720p.NF.WEBRip.x264-GalaxyTV[TGx]-30123.torrent": {"size": 2710.0, "cat": "TV > TV Packs", "lang": "English"}, "3b9c-Watchmen.S01E01.PROPER.1080p.WEB.h264-TBS[TGx]-27650.torrent": {"size": 1950.0, "cat": "TV > HD/X264/H264", "lang": "English"}, "ac84-Carnival.Row.S01.COMPLETE.XviD-AFG[TGx]-15538.torrent": {"size": 2800.0, "cat": "TV > TV Packs", "lang": "English"}, "bbe8-UFC.243.PPV.Whittaker.vs.Adesanya.PROPER.SYNCED.HDTV.x264-PUNCH[TGx]-7582.torrent": {"size": 1410.0, "cat": "TV > Sport", "lang": "English"}, "37fe-Rick.and.Morty.S04E04.Claw.and.Hoarder.Special.Ricktims.Morty.720p.HDTV.x264-CRiMSON[TGx]-8314.torrent": {"size": 543.0, "cat": "TV > HD/X264/H264", "lang": "English"}, "b0de-Chernobyl.S01E05.720p.WEB.x265-MiNX[TGx]-28588.torrent": {"size": 259.0, "cat": "TV > HEVC/x265", "lang": "English"}, "b764-UFC.Fight.Night.178.WEB-DL.H264.Fight-BB[TGx]-9994.torrent": {"size": 1800.0, "cat": "TV > Sport", "lang": "English"}, "009f-chernobyl.s01e05.720p.webrip.x264-tbs[eztv].mkv.torrent": {"size": 2009.9999999999998, "cat": "TV > HD/X264/H264", "lang": "English"}, "3697-The.Mandalorian.S01E07.2019.1080p.WEBRip.X264.AC3-EVO[TGx]-28047.torrent": {"size": 3230.0, "cat": "TV > HD/X264/H264", "lang": "English"}, "f9f4-Chernobyl.S01E05.Vichnaya.Pamyat.1080p.AMZN.WEBRip.DDP5.1.x264-NTb.torrent": {"size": 4900.0, "cat": "TV > HD/X264/H264", "lang": "English"}, "65ff-Chernobyl.S01E03.720p.WEBRip.x264-TBS[TGx]-14085.torrent": {"size": 1590.0, "cat": "TV > HD/X264/H264", "lang": "English"}, "f76c-[limetorrents.info]Game.of.Thrones.S08E06.FiNAL.FRENCH.720p.HDTV.x264-SH0W.torrent": {"size": 1360.0, "cat": "TV > HD/X264/H264", "lang": "French"}, "58d6-Star.Trek.Picard.S01E02.WEBRip.x264-TBS[ettv].torrent": {"size": 211.0, "cat": "TV > SD/X264/H264", "lang": "English"}, "600c-Titans.2018.S02E08.WEB.x264-MiKEPANTS[eztv].mkv.torrent": {"size": 250.0, "cat": "TV > SD/X264/H264", "lang": "English"}, "3cd9-UFC.245.PPV.1080p.WEB.h264-VERUM[TGx]-23968.torrent": {"size": 10530.0, "cat": "TV > Sport", "lang": "English"}, "1867-Wilder.vs.Fury.2.2020.22.2.Web.H264.720p.2K[TGx]-24383.torrent": {"size": 3200.0, "cat": "TV > Sport", "lang": "English"}, "2f61-Vikings.S06E02.HDTV.x264-SVA[eztv].mkv.torrent": {"size": 234.0, "cat": "TV > HD/X264/H264", "lang": "English"}, "03a5-Mr.Robot.S04E10.1080p.WEB.h264-TRUMP[TGx]-7230.torrent": {"size": 1750.0, "cat": "TV > HD/X264/H264", "lang": "English"}, "452c-Vikings.S06E10.HDTV.x264-SVA[ettv].torrent": {"size": 396.0, "cat": "TV > SD/X264/H264", "lang": "English"}, "43d9-Chernobyl.S01E04.iNTERNAL.1080p.WEB.H264-MEMENTO[TGx]-22929.torrent": {"size": 4790.0, "cat": "TV > HD/X264/H264", "lang": "English"}, "6642-Raised.by.Wolves.2020.S01E10.WEB.x264-PHOENiX[TGx]-8718.torrent": {"size": 265.0, "cat": "TV > SD/X264/H264", "lang": "English"}, "90be-The.Mandalorian.S01E02.2019.1080p.WEBRip.X264.AC3-EVO[TGx]-3105.torrent": {"size": 2980.0, "cat": "TV > HD/X264/H264", "lang": "English"}, "ea98-Game.of.Thrones.S08E06.WEBRip.x264-ION10-[rarbg.to].torrent": {"size": 771.0, "cat": "TV > SD/X264/H264", "lang": "English"}, "9697-Watchmen.S01E05.1080p.WEB.h264-TBS[TGx]-31401.torrent": {"size": 1660.0, "cat": "TV > HD/X264/H264", "lang": "English"}, "23c5-The.Walking.Dead.S10E05.WEB.H264-XLF[ettv].torrent": {"size": 497.0, "cat": "TV > SD/X264/H264", "lang": "English"}, "e32b-Alex.Rider.S01.COMPLETE.720p.AMZN.WEBRip.x264-GalaxyTV[TGx]-28003.torrent": {"size": 1730.0, "cat": "TV > TV Packs", "lang": "English"}, "8e0f-9094f6a2743809b2f916f397fad9e5890fd1d094.torrent": {"size": 1220.0, "cat": "TV > HD/X264/H264", "lang": "English"}, "794d-See.S01E04.WEB.x264-PHOENiX[TGx]-6189.torrent": {"size": 390.0, "cat": "TV > SD/X264/H264", "lang": "English"}, "ae52-Peaky.Blinders.S05E06.1080p.HDTV.x264-BRISK[TGx]-12016.torrent": {"size": 1820.0, "cat": "TV > HD/X264/H264", "lang": "English"}, "295e-9481091F38FD0E0D86C31D396AEC5C883670A9BD.torrent": {"size": 4100.0, "cat": "TV > TV Packs", "lang": "English"}, "15f7-The.Mandalorian.S01E07.WEB.x264-PHOENiX[TGx]-24758.torrent": {"size": 172.0, "cat": "TV > SD/X264/H264", "lang": "English"}, "1c67-Rick.and.Morty.S04E10.1080p.WEBRip.x264-BTX[TGx]-27944.torrent": {"size": 674.0, "cat": "TV > HD/X264/H264", "lang": "English"}, "efbf-Game.of.Thrones.S08E06.720p.WEB.x265-MiNX[eztv].mkv.torrent": {"size": 271.0, "cat": "TV > HD/X264/H264", "lang": "English"}, "ec25-See.S01E01.WEB.x264-PHOENiX[TGx]-31782.torrent": {"size": 470.0, "cat": "TV > SD/X264/H264", "lang": "English"}, "924f-Star.Trek.Picard.S01E06.720p.WEBRip.x264-XLF[ettv].torrent": {"size": 807.0, "cat": "TV > HD/X264/H264", "lang": "English"}, "dfed-Tom.Clancys.Jack.Ryan.S02.COMPLETE.720p.AMZN.WEBRip.x264-GalaxyTV[TGx]-15449.torrent": {"size": 2500.0, "cat": "TV > TV Packs", "lang": "English"}, "57c9-Marvels.Jessica.Jones.S03.COMPLETE.WEB.x264-STRiFE[TGx]-23585.torrent": {"size": 4440.0, "cat": "TV > TV Packs", "lang": "English"}, "88b0-chernobyl.s01e04.720p.webrip.x264-tbs[eztv].mkv.torrent": {"size": 1960.0, "cat": "TV > HD/X264/H264", "lang": "English"}, "f65a-The.Mandalorian.S02E01.WEBRip.x264-ION10.torrent": {"size": 500.0, "cat": "TV > SD/X264/H264", "lang": "English"}, "0547-The.Flash.2014.S06E07.HDTV.x264-SVA[ettv].torrent": {"size": 248.0, "cat": "TV > SD/X264/H264", "lang": "English"}, "6370-The.Boys.S02E05.720p.WEB.x265-MiNX[TGx]-31111.torrent": {"size": 286.0, "cat": "TV > HEVC/x265", "lang": "English"}, "852f-The.Mandalorian.S01E04.WEB.x264-PHOENiX[TGx]-19507.torrent": {"size": 218.0, "cat": "TV > SD/X264/H264", "lang": "English"}, "0f0f-Upload.S01.COMPLETE.720p.AMZN.WEBRip.x264-GalaxyTV[TGx]-22248.torrent": {"size": 1910.0, "cat": "TV > TV Packs", "lang": "English"}, "edec-Carnival.Row.S01.COMPLETE.720p.AMZN.WEBRip.x264-GalaxyTV[TGx]-21898.torrent": {"size": 1870.0, "cat": "TV > TV Packs", "lang": "English"}, "95e8-Helstrom.S01.COMPLETE.720p.HULU.WEBRip.x264-GalaxyTV[TGx]-32449.torrent": {"size": 2220.0, "cat": "TV > TV Packs", "lang": "English"}, "ed91-Star.Trek.Picard.S01E02.Maps.and.Legends.1080p.CBS.WEB-DL.AAC2.0.x264.H.264-[TGx]-17477.torrent": {"size": 1390.0, "cat": "TV > HD/X264/H264", "lang": "English"}, "f651-UFC.on.ESPN.14.WEB-DL.H264.Fight-BB[TGx]-8312.torrent": {"size": 2020.0, "cat": "TV > Sport", "lang": "English"}, "48da-Lost.in.Space.2018.S02.COMPLETE.720p.NF.WEBRip.x264-GalaxyTV[TGx]-15811.torrent": {"size": 2540.0, "cat": "TV > TV Packs", "lang": "English"}, "17b1-Watchmen.S01E07.WEB.h264-TBS[ettv].torrent": {"size": 251.0, "cat": "TV > SD/X264/H264", "lang": "English"}, "98d1-Swamp.Thing.2019.S01E03.WEB.x264-PHOENiX[TGx]-4328.torrent": {"size": 269.0, "cat": "TV > SD/X264/H264", "lang": "English"}, "08d0-Star.Trek.Picard.S01E04.WEBRip.x264-TBS[ettv].torrent": {"size": 235.0, "cat": "TV > SD/X264/H264", "lang": "English"}, "d008-Power.2014.S06E02.WEB.x264-PHOENiX[TGx]-22523.torrent": {"size": 331.0, "cat": "TV > SD/X264/H264", "lang": "English"}, "ecf4-Captain Marvel (2019) [WEBRip] [1080p] [YTS.AM].torrent": {"size": 1980.0, "cat": "Movies > HD 1080p", "lang": "English"}, "c821-spider-man-far-from-home-2019[1080p][WebRip].torrent": {"size": 2020.0, "cat": "Movies > HD 1080p", "lang": "English"}, "a79b-dark-phoenix-2019[1080p][BluRay].torrent": {"size": 1810.0, "cat": "Movies > HD 1080p", "lang": "English"}, "d4bd-the-lion-king-2019[1080p][BluRay].torrent": {"size": 1870.0, "cat": "Movies > HD 1080p", "lang": "English"}, "5a3a-fast-furious-presents-hobbs-shaw-2019[1080p][WebRip].torrent": {"size": 2110.0, "cat": "Movies > HD 1080p", "lang": "English"}, "d084-Fast.and.furious.presents.hobbs.and.shaw.2019.1080p-dual-lat-cinecalidad.is.mp4.torrent": {"size": 2190.0, "cat": "Movies > Dubs/Dual Audio", "lang": "English"}, "a80e-joker-2019[1080p][WebRip].torrent": {"size": 1910.0, "cat": "Movies > HD 1080p", "lang": "English"}, "0ba9-rambo-last-blood-2019[1080p][BluRay].torrent": {"size": 1590.0, "cat": "Movies > HD 1080p", "lang": "English"}, "46fe-john-wick-chapter-3-parabellum-2019[1080p][WebRip].torrent": {"size": 2050.0, "cat": "Movies > HD 1080p", "lang": "English"}, "e54b-captain-marvel-2019[720p][WebRip].torrent": {"size": 1030.0, "cat": "Movies > HD 720p", "lang": "English"}, "a80e-spider-man-far-from-home-2019[720p][WebRip].torrent": {"size": 1120.0, "cat": "Movies > HD 720p", "lang": "English"}, "d1c9-terminator-dark-fate-2019[1080p][WebRip].torrent": {"size": 2230.0, "cat": "Movies > HD 1080p", "lang": "English"}, "5e91-Once.Upon.A.Time.In.Hollywood.2019.720p.HDRip.900MB.x264-GalaxyRG[TGx]-20944.torrent": {"size": 898.0, "cat": "Movies > HD 720p", "lang": "English"}, "0a5b-angel-has-fallen-2019[1080p][WebRip].torrent": {"size": 1910.0, "cat": "Movies > HD 1080p", "lang": "English"}, "4bc4-fast-furious-presents-hobbs-shaw-2019[720p][WebRip].torrent": {"size": 1160.0, "cat": "Movies > HD 720p", "lang": "English"}, "c443-Sonic the Hedgehog (2020) [1080p] [WEBRip] [YTS.MX].torrent": {"size": 1650.0, "cat": "Movies > HD 1080p", "lang": ""}, "577f-414A6F933C48FC7543A9CDB42C854B5457C5BCC7.torrent": {"size": 3000.0, "cat": "Movies > HD 1080p", "lang": "English"}, "868b-the-lion-king-2019[720p][BluRay].torrent": {"size": 1040.0, "cat": "Movies > HD 720p", "lang": "English"}, "01db-\uc2a4\ud30c\uc774\ub354\ub9e8-\ud30c \ud504\ub86c \ud648 Spider.Man-Far.From.Home.2019.KOR.1080p.HDRip.H264.AAC-WHD.mp4.torrent": {"size": 3750.0, "cat": "Movies > HD 1080p", "lang": "English"}, "f7b9-Fast.and.Furious.Presents.Hobbs.And.Shaw.2019.1080p.HC.HDRip.X264.AC3-EVO[TGx]-21701.torrent": {"size": 3700.0, "cat": "Movies > HD 1080p", "lang": "English"}, "9cbf-toy-story-4-2019[1080p][BluRay].torrent": {"size": 1560.0, "cat": "Movies > HD 1080p", "lang": "English"}, "4dfd-angel-has-fallen-2019[720p][WebRip].torrent": {"size": 1060.0, "cat": "Movies > HD 720p", "lang": "English"}, "5556-Once Upon a Time ... in Hollywood (2019) [BluRay] [1080p] [YTS.LT].torrent": {"size": 2520.0, "cat": "Movies > HD 1080p", "lang": "English"}, "ec44-dumbo-2019[1080p][BluRay].torrent": {"size": 1790.0, "cat": "Movies > HD 1080p", "lang": "English"}, "7fb9-jumanji-the-next-level-2019[1080p][WebRip].torrent": {"size": 2190.0, "cat": "Movies > HD 1080p", "lang": "English"}, "874d-alita-battle-angel-2019[1080p][WebRip].torrent": {"size": 1960.0, "cat": "Movies > HD 1080p", "lang": "English"}, "6fc2-joker-2019[720p][WebRip].torrent": {"size": 1060.0, "cat": "Movies > HD 720p", "lang": "English"}, "bce8-rambo-last-blood-2019[720p][BluRay].torrent": {"size": 909.0, "cat": "Movies > HD 720p", "lang": "English"}, "4b55-Pokemon.Detective.Pikachu.2019.1080p.HDRip.x264.AAC2.0-STUTTERSHIT-[rarbg.to].torrent": {"size": 3530.0, "cat": "Movies > HD 1080p", "lang": "English"}, "26d5-terminator-dark-fate-2019[720p][WebRip].torrent": {"size": 1120.0, "cat": "Movies > HD 720p", "lang": "English"}, "d7c3-Sonic the Hedgehog (2020) [720p] [WEBRip] [YTS.MX].torrent": {"size": 911.0, "cat": "Movies > HD 720p", "lang": ""}, "4b52-captain-marvel-2019[1080p][BluRay].torrent": {"size": 1990.0, "cat": "Movies > HD 1080p", "lang": "English"}, "1433-Spider-Man Far from Home (2019) [BluRay] [1080p] [YTS.LT].torrent": {"size": 2029.9999999999998, "cat": "Movies > HD 1080p", "lang": "English"}, "db80-onward-2020[1080p][WebRip].torrent": {"size": 1890.0, "cat": "Movies > HD 1080p", "lang": "English"}, "4424-jumanji-the-next-level-2019[720p][WebRip].torrent": {"size": 1100.0, "cat": "Movies > HD 720p", "lang": "English"}, "f9b4-Avengers Endgame.2019.1080p.HDRip.X264-EVO[TGx]-27553.torrent": {"size": 4920.0, "cat": "Movies > HD 1080p", "lang": "English"}, "1fe8-6.Underground.2019.720p.NF.WEBRip.900MB.x264-GalaxyRG[TGx]-12991.torrent": {"size": 897.0, "cat": "Movies > HD 720p", "lang": "English"}, "3fc5-ad-astra-2019[1080p][WebRip].torrent": {"size": 1960.0, "cat": "Movies > HD 1080p", "lang": "English"}, "74df-the-irishman-2019[1080p][WebRip].torrent": {"size": 3250.0, "cat": "Movies > HD 1080p", "lang": "English"}}