{"9a7a-DCs.Stargirl.S02E10.720p.HDTV.x264-SYNCOPY[ettv].torrent": {"size": 691.0, "cat": "TV > HD/X264/H264", "lang": "English"}, "fc1f-Law.and.Order.SVU.S23E05.720p.WEB.H264-CAKES[ettv].torrent": {"size": 718.0, "cat": "TV > HD/X264/H264", "lang": "English"}, "3cb0-Magnum.P.I.2018.S04E03.720p.HDTV.x264-SYNCOPY[ettv].torrent": {"size": 1210.0, "cat": "TV > HD/X264/H264", "lang": "English"}, "c34b-What.We.Do.In.The.Shadows.S03E08.720p.WEB.h264-GOSSIP[ettv].torrent": {"size": 931.0, "cat": "TV > HD/X264/H264", "lang": "English"}, "4631-The.Power.2021.BRRip.XviD.AC3-EVO[TGx]-31298.torrent": {"size": 1360.0, "cat": "Movies > XviD", "lang": "English"}, "dfe2-Unearth.2021.BRRip.XviD.AC3-EVO[TGx]-11826.torrent": {"size": 1380.0, "cat": "Movies > XviD", "lang": "English"}, "8fa8-Copshop.2021.HDRip.XviD.AC3-EVO[TGx]-5256.torrent": {"size": 1330.0, "cat": "Movies > XviD", "lang": "English"}, "8d52-The.Survivalist.2021.BRRip.XviD.AC3-EVO[TGx]-14993.torrent": {"size": 1320.0, "cat": "Movies > XviD", "lang": "English"}, "8345-The Beach (2000) 720P Bluray X264 [Moviesfd].torrent": {"size": 910.0, "cat": "Movies > HD 720p", "lang": "English"}, "0fdf-South Park Bigger Longer and Uncut (1999) 720P Bluray X264 [Moviesfd].torrent": {"size": 648.0, "cat": "Movies > HD 720p", "lang": "English"}, "80b2-The Pianist (2002) 720P Bluray X264 [Moviesfd].torrent": {"size": 1160.0, "cat": "Movies > HD 720p", "lang": "English"}, "2bfd-The Mummy Returns (2001) 720P Bluray X264 [Moviesfd].torrent": {"size": 1010.0, "cat": "Movies > HD 720p", "lang": "English"}, "5469-The.Terminator.1984.Remastered.WEBRip.2160p.UHD.SDR.Eng.DTS.DD5.1.gerald99.torrent": {"size": 20760.0, "cat": "Movies > UltraHD/4K", "lang": ""}, "b457-Se7en.1995.Remastered.BDRip.UHD.SDR.Eng.DTS.HD-MA.DD5.1.gerald99.torrent": {"size": 27410.0, "cat": "Movies > UltraHD/4K", "lang": "English"}, "fc14-Copshop.2021.2160p.AMZN.WEB-DL.DDP5.1.HDR.HEVC-CMRG[TGx]-12021.torrent": {"size": 11710.0, "cat": "Movies > UltraHD/4K", "lang": "English"}, "2f23-The.Night.House.2020.4K.HDR.2160p.WEBDL ISub Ita  x265-NAHOM.torrent": {"size": 18640.0, "cat": "Movies > UltraHD/4K", "lang": "English"}, "71b3-Je Suis Karl 2021 YG.torrent": {"size": 1030.0, "cat": "Movies > HD 720p", "lang": "German"}, "c496-Escape.Room.2.Gioco.Mortale.2021.iTALiAN.AC3.EXTENDED.BRRip.XviD-T4P3.torrent": {"size": 1220.0, "cat": "Movies > XviD", "lang": "Italian"}, "7e8f-Comedians.2021.iTALiAN.AC3.DVDRip.XviD-T4P3.torrent": {"size": 1200.0, "cat": "Movies > XviD", "lang": "Italian"}, "9395-Chal.Mera.Putt.2.2021.1080p.CAMRip.HINDI.DUB.BetMaster.mkv.torrent": {"size": 1740.0, "cat": "Movies > CAM/TS", "lang": "English"}, "e6f8-No.Time.to.Die.2021.720p.HDCAM-C1NEM4.torrent": {"size": 2910.0, "cat": "Movies > CAM/TS", "lang": "English"}, "3725-Venom Let There Be Carnage (2021) English 720p CAMRip [NO LOGO] x264 AAC 1.2GB [Themoviesboss].mkv.torrent": {"size": 1190.0, "cat": "Movies > CAM/TS", "lang": "English"}, "2e11-Halloween.Kills.2021.720p.HDCAM-C1NEM4[TGx]-21938.torrent": {"size": 1490.0, "cat": "Movies > CAM/TS", "lang": "English"}, "ea69-The.Last.Duel.2021.720p.HDCAM-C1NEM4[TGx]-8635.torrent": {"size": 2620.0, "cat": "Movies > CAM/TS", "lang": "English"}, "d53c-Squid Game (Netflix Series Soundtrack) (2021) Mp3 320kbps [PMEDIA] \u2b50\ufe0f.torrent": {"size": 164.0, "cat": "Music > MP3", "lang": "English"}, "86cd-Coldplay - Music Of The Spheres (2021) Original Mp3 320kbps [PMEDIA] \u2b50\ufe0f.torrent": {"size": 96.0, "cat": "Music > MP3", "lang": "English"}, "1ab6-Official UK Top 40 Biggest Albums Of 2021 So Far (Mp3 320kbps) [PMEDIA] \u2b50\ufe0f.torrent": {"size": 7820.0, "cat": "Music > MP3", "lang": "English"}, "b451-TikTok Trending Top 50 Singles Chart (08-Oct-2021) Mp3 320kbps [PMEDIA] \u2b50\ufe0f.torrent": {"size": 359.0, "cat": "Music > MP3", "lang": "English"}, "08d3-The.Mandalorian.S01E06.2019.1080p.WEBRip.X264.AC3-EVO[TGx]-3827.torrent": {"size": 3320.0, "cat": "TV > HD/X264/H264", "lang": "English"}, "9992-The.Mandalorian.S01E04.iNTERNAL.720p.WEB.H264-AMRAP[eztv].mkv.torrent": {"size": 1220.0, "cat": "TV > HD/X264/H264", "lang": "English"}, "debc-Rick.and.Morty.S04E02.720p.WEBRip.x264-TBS[TGx]-32453.torrent": {"size": 298.0, "cat": "TV > HD/X264/H264", "lang": "English"}, "b459-Rick.and.Morty.S04E04.Claw.and.Hoarder.Special.Ricktims.Morty.HDTV.x264-CRiMSON[TGx]-27342.torrent": {"size": 157.0, "cat": "TV > SD/X264/H264", "lang": "English"}, "3e41-Chernobyl.S01E04.720p.WEBRip.x264-TBS[TGx]-16239.torrent": {"size": 1980.0, "cat": "TV > HD/X264/H264", "lang": "English"}, "bbe6-The.Mandalorian.S02E07.Chapter.15.The.Believer.1080p.WEB-DL.X264.Atmos-EVO.torrent": {"size": 2600.0, "cat": "TV > HD/X264/H264", "lang": "English"}, "cb4f-The.Mandalorian.S01E06.iNTERNAL.720p.WEB.H264-AMRAP[TGx]-4718.torrent": {"size": 1440.0, "cat": "TV > HD/X264/H264", "lang": "English"}, "6922-The.Mandalorian.S01E07.iNTERNAL.720p.WEB.H264-GHOSTS[TGx]-31705.torrent": {"size": 1340.0, "cat": "TV > HD/X264/H264", "lang": "English"}, "d967-UFC.246.PPV.McGregor.vs.Cerrone.HDTV.x264-PUNCH[TGx]-1248.torrent": {"size": 1350.0, "cat": "TV > Sport", "lang": "English"}, "72ee-Game.of.Thrones.S08E05.WEB.H264-MEMENTO[rartv]-[rarbg.to].torrent": {"size": 626.0, "cat": "TV > SD/X264/H264", "lang": "English"}, "ad66-[limetorrents.info]The.Mandalorian.S01E01.INTERNAL.1080p.WEB.H264-DEFLATE.torrent": {"size": 2500.0, "cat": "TV > HD/X264/H264", "lang": "English"}, "2c1f-Game.of.Thrones.S08E05.720p.WEB.H264-MEMENTO[eztv].mkv.torrent": {"size": 2720.0, "cat": "TV > HD/X264/H264", "lang": "English"}, "9c56-Watchmen.S01E08.1080p.WEB.h264-TBS[TGx]-19773.torrent": {"size": 1570.0, "cat": "TV > HD/X264/H264", "lang": "English"}, "2490-[limetorrents.info]Game.of.Thrones.S08E06.FiNAL.FRENCH.HDTV.XviD.EXTREME.torrent": {"size": 614.0, "cat": "TV > SD/X264/H264", "lang": "French"}, "d493-The.Mandalorian.S01E08.iNTERNAL.720p.WEB.H264-GHOSTS[eztv].mkv.torrent": {"size": 1620.0, "cat": "TV > HD/X264/H264", "lang": "English"}, "c1cc-Game.of.Thrones.S08E05.720p.WEB.H264-MEMENTO[rartv]-[rarbg.to].torrent": {"size": 2720.0, "cat": "TV > HD/X264/H264", "lang": ""}, "5cea-The.Mandalorian.S01E08.1080p.WEBRiP.x264-PETRiFiED[TGx]-26322.torrent": {"size": 2680.0, "cat": "TV > HD/X264/H264", "lang": "English"}, "286d-Good.Omens.S01.COMPLETE.720p.WEB.x264-GalaxyTV[TGx]-31918.torrent": {"size": 2090.0, "cat": "TV > TV Packs", "lang": "English"}, "ce7d-Game.of.Thrones.S08E05.1080p.AMZN.WEBRip.DDP5.1.x264-GoT[rartv]-[rarbg.to].torrent": {"size": 4950.0, "cat": "TV > HD/X264/H264", "lang": "English"}, "79d5-Game.of.Thrones.S08E05.1080p.WEB.H264-MEMENTO[rartv]-[rarbg.to].torrent": {"size": 5570.0, "cat": "TV > HD/X264/H264", "lang": "English"}, "eed3-The.Flash.2014.S06E09.HDTV.x264-PHOENiX[TGx]-8478.torrent": {"size": 312.0, "cat": "TV > SD/X264/H264", "lang": "English"}, "d497-UFC.245.PPV.Usman.vs.Covington.WEB.x264-PUNCH[TGx]-261.torrent": {"size": 2220.0, "cat": "TV > Sport", "lang": "English"}, "7950-UFC.242.PPV.Khabib.vs.Porier.HDTV.x264-PUNCH[TGx]-19284.torrent": {"size": 1500.0, "cat": "TV > Sport", "lang": "English"}, "209d-WandaVision.S01E09.The.Series.Finale.1080p.DSNP.WEB-DL.DDP5.1.H.264-EVO.torrent": {"size": 2530.0, "cat": "TV > HD/X264/H264", "lang": "English"}, "2fff-Gangs.Of.London.S01.COMPLETE.720p.HDTV.x264-GalaxyTV[TGx]-16980.torrent": {"size": 3330.0, "cat": "TV > TV Packs", "lang": "English"}, "79c2-South.Park.S00E42.The.Pandemic.Special.1080p.AAC.2.0-PRiCK[TGx]-17956.torrent": {"size": 1620.0, "cat": "TV > HD/X264/H264", "lang": "English"}, "7dca-UFC.247.PPV.Jones.vs.Reyes.HDTV.x264-PUNCH[TGx]-5111.torrent": {"size": 1560.0, "cat": "TV > Sport", "lang": "English"}, "4dc2-Chernobyl.S01E05.Vichnaya.Pamyat.1080p.AMZN.WEB-DL.DDP5.1.H.264-NTb[TGx]-22330.torrent": {"size": 4910.0, "cat": "TV > HD/X264/H264", "lang": "English"}, "8620-The.Walking.Dead.S10E06.WEB.H264-XLF[ettv].torrent": {"size": 490.0, "cat": "TV > SD/X264/H264", "lang": "English"}, "845c-Game.of.Thrones.S08E05.720p.WEB.x265-MiNX[eztv].mkv.torrent": {"size": 472.0, "cat": "TV > HD/X264/H264", "lang": "English"}, "08b7-Space.Force.S01.COMPLETE.720p.NF.WEBRip.x264-GalaxyTV[TGx]-25290.torrent": {"size": 1570.0, "cat": "TV > TV Packs", "lang": "English"}, "44d2-UFC.248.PPV.Adesanya.vs.Romero.HDTV.x264-PUNCH[TGx]-19984.torrent": {"size": 2020.0, "cat": "TV > Sport", "lang": "English"}, "dd90-The.Mandalorian.S01E06.WEB.x264-PHOENiX[TGx]-13797.torrent": {"size": 203.0, "cat": "TV > SD/X264/H264", "lang": "English"}, "6d05-His.Dark.Materials.S01E06.1080p.HDTV.H264-MTB[TGx]-19500.torrent": {"size": 1520.0, "cat": "TV > HD/X264/H264", "lang": "English"}, "edaa-Batwoman.S01E01.HDTV.x264-PHOENiX[TGx]-3318.torrent": {"size": 250.0, "cat": "TV > SD/X264/H264", "lang": "English"}, "0f70-UFC.238.PPV.Cejudo.vs.Moraes.WEB.x264-PUNCH[TGx]-18399.torrent": {"size": 1570.0, "cat": "TV > Sport", "lang": "English"}, "e1c6-Titans.2018.S02E04.HDTV.x264-MiKEPANTS[TGx]-27655.torrent": {"size": 241.0, "cat": "TV > SD/X264/H264", "lang": "English"}, "99aa-The.Witcher.S01.COMPLETE.720p.NF.WEBRip.x264-GalaxyTV[TGx]-10990.torrent": {"size": 3160.0, "cat": "TV > TV Packs", "lang": "English"}, "663d-The.Umbrella.Academy.S02.COMPLETE.720p.NF.WEBRip.x264-GalaxyTV[TGx]-30123.torrent": {"size": 2710.0, "cat": "TV > TV Packs", "lang": "English"}, "3b9c-Watchmen.S01E01.PROPER.1080p.WEB.h264-TBS[TGx]-27650.torrent": {"size": 1950.0, "cat": "TV > HD/X264/H264", "lang": "English"}, "ac84-Carnival.Row.S01.COMPLETE.XviD-AFG[TGx]-15538.torrent": {"size": 2800.0, "cat": "TV > TV Packs", "lang": "English"}, "bbe8-UFC.243.PPV.Whittaker.vs.Adesanya.PROPER.SYNCED.HDTV.x264-PUNCH[TGx]-7582.torrent": {"size": 1410.0, "cat": "TV > Sport", "lang": "English"}, "37fe-Rick.and.Morty.S04E04.Claw.and.Hoarder.Special.Ricktims.Morty.720p.HDTV.x264-CRiMSON[TGx]-8314.torrent": {"size": 543.0, "cat": "TV > HD/X264/H264", "lang": "English"}, "b0de-Chernobyl.S01E05.720p.WEB.x265-MiNX[TGx]-28588.torrent": {"size": 259.0, "cat": "TV > HEVC/x265", "lang": "English"}, "b764-UFC.Fight.Night.178.WEB-DL.H264.Fight-BB[TGx]-9994.torrent": {"size": 1800.0, "cat": "TV > Sport", "lang": "English"}, "009f-chernobyl.s01e05.720p.webrip.x264-tbs[eztv].mkv.torrent": {"size": 2009.9999999999998, "cat": "TV > HD/X264/H264", "lang": "English"}, "3697-The.Mandalorian.S01E07.2019.1080p.WEBRip.X264.AC3-EVO[TGx]-28047.torrent": {"size": 3230.0, "cat": "TV > HD/X264/H264", "lang": "English"}, "f9f4-Chernobyl.S01E05.Vichnaya.Pamyat.1080p.AMZN.WEBRip.DDP5.1.x264-NTb.torrent": {"size": 4900.0, "cat": "TV > HD/X264/H264", "lang": "English"}, "65ff-Chernobyl.S01E03.720p.WEBRip.x264-TBS[TGx]-14085.torrent": {"size": 1590.0, "cat": "TV > HD/X264/H264", "lang": "English"}, "f76c-[limetorrents.info]Game.of.Thrones.S08E06.FiNAL.FRENCH.720p.HDTV.x264-SH0W.torrent": {"size": 1360.0, "cat": "TV > HD/X264/H264", "lang": "French"}, "58d6-Star.Trek.Picard.S01E02.WEBRip.x264-TBS[ettv].torrent": {"size": 211.0, "cat": "TV > SD/X264/H264", "lang": "English"}, "600c-Titans.2018.S02E08.WEB.x264-MiKEPANTS[eztv].mkv.torrent": {"size": 250.0, "cat": "TV > SD/X264/H264", "lang": "English"}, "3cd9-UFC.245.PPV.1080p.WEB.h264-VERUM[TGx]-23968.torrent": {"size": 10530.0, "cat": "TV > Sport", "lang": "English"}, "1867-Wilder.vs.Fury.2.2020.22.2.Web.H264.720p.2K[TGx]-24383.torrent": {"size": 3200.0, "cat": "TV > Sport", "lang": "English"}, "2f61-Vikings.S06E02.HDTV.x264-SVA[eztv].mkv.torrent": {"size": 234.0, "cat": "TV > HD/X264/H264", "lang": "English"}, "03a5-Mr.Robot.S04E10.1080p.WEB.h264-TRUMP[TGx]-7230.torrent": {"size": 1750.0, "cat": "TV > HD/X264/H264", "lang": "English"}, "452c-Vikings.S06E10.HDTV.x264-SVA[ettv].torrent": {"size": 396.0, "cat": "TV > SD/X264/H264", "lang": "English"}, "43d9-Chernobyl.S01E04.iNTERNAL.1080p.WEB.H264-MEMENTO[TGx]-22929.torrent": {"size": 4790.0, "cat": "TV > HD/X264/H264", "lang": "English"}, "6642-Raised.by.Wolves.2020.S01E10.WEB.x264-PHOENiX[TGx]-8718.torrent": {"size": 265.0, "cat": "TV > SD/X264/H264", "lang": "English"}, "90be-The.Mandalorian.S01E02.2019.1080p.WEBRip.X264.AC3-EVO[TGx]-3105.torrent": {"size": 2980.0, "cat": "TV > HD/X264/H264", "lang": "English"}, "ea98-Game.of.Thrones.S08E06.WEBRip.x264-ION10-[rarbg.to].torrent": {"size": 771.0, "cat": "TV > SD/X264/H264", "lang": "English"}, "9697-Watchmen.S01E05.1080p.WEB.h264-TBS[TGx]-31401.torrent": {"size": 1660.0, "cat": "TV > HD/X264/H264", "lang": "English"}, "23c5-The.Walking.Dead.S10E05.WEB.H264-XLF[ettv].torrent": {"size": 497.0, "cat": "TV > SD/X264/H264", "lang": "English"}, "e32b-Alex.Rider.S01.COMPLETE.720p.AMZN.WEBRip.x264-GalaxyTV[TGx]-28003.torrent": {"size": 1730.0, "cat": "TV > TV Packs", "lang": "English"}, "8e0f-9094f6a2743809b2f916f397fad9e5890fd1d094.torrent": {"size": 1220.0, "cat": "TV > HD/X264/H264", "lang": "English"}, "794d-See.S01E04.WEB.x264-PHOENiX[TGx]-6189.torrent": {"size": 390.0, "cat": "TV > SD/X264/H264", "lang": "English"}, "ae52-Peaky.Blinders.S05E06.1080p.HDTV.x264-BRISK[TGx]-12016.torrent": {"size": 1820.0, "cat": "TV > HD/X264/H264", "lang": "English"}, "295e-9481091F38FD0E0D86C31D396AEC5C883670A9BD.torrent": {"size": 4100.0, "cat": "TV > TV Packs", "lang": "English"}, "15f7-The.Mandalorian.S01E07.WEB.x264-PHOENiX[TGx]-24758.torrent": {"size": 172.0, "cat": "TV > SD/X264/H264", "lang": "English"}, "1c67-Rick.and.Morty.S04E10.1080p.WEBRip.x264-BTX[TGx]-27944.torrent": {"size": 674.0, "cat": "TV > HD/X264/H264", "lang": "English"}, "efbf-Game.of.Thrones.S08E06.720p.WEB.x265-MiNX[eztv].mkv.torrent": {"size": 271.0, "cat": "TV > HD/X264/H264", "lang": "English"}, "ec25-See.S01E01.WEB.x264-PHOENiX[TGx]-31782.torrent": {"size": 470.0, "cat": "TV > SD/X264/H264", "lang": "English"}, "924f-Star.Trek.Picard.S01E06.720p.WEBRip.x264-XLF[ettv].torrent": {"size": 807.0, "cat": "TV > HD/X264/H264", "lang": "English"}, "dfed-Tom.Clancys.Jack.Ryan.S02.COMPLETE.720p.AMZN.WEBRip.x264-GalaxyTV[TGx]-15449.torrent": {"size": 2500.0, "cat": "TV > TV Packs", "lang": "English"}, "57c9-Marvels.Jessica.Jones.S03.COMPLETE.WEB.x264-STRiFE[TGx]-23585.torrent": {"size": 4440.0, "cat": "TV > TV Packs", "lang": "English"}, "88b0-chernobyl.s01e04.720p.webrip.x264-tbs[eztv].mkv.torrent": {"size": 1960.0, "cat": "TV > HD/X264/H264", "lang": "English"}, "f65a-The.Mandalorian.S02E01.WEBRip.x264-ION10.torrent": {"size": 500.0, "cat": "TV > SD/X264/H264", "lang": "English"}, "0547-The.Flash.2014.S06E07.HDTV.x264-SVA[ettv].torrent": {"size": 248.0, "cat": "TV > SD/X264/H264", "lang": "English"}, "6370-The.Boys.S02E05.720p.WEB.x265-MiNX[TGx]-31111.torrent": {"size": 286.0, "cat": "TV > HEVC/x265", "lang": "English"}, "852f-The.Mandalorian.S01E04.WEB.x264-PHOENiX[TGx]-19507.torrent": {"size": 218.0, "cat": "TV > SD/X264/H264", "lang": "English"}, "0f0f-Upload.S01.COMPLETE.720p.AMZN.WEBRip.x264-GalaxyTV[TGx]-22248.torrent": {"size": 1910.0, "cat": "TV > TV Packs", "lang": "English"}, "edec-Carnival.Row.S01.COMPLETE.720p.AMZN.WEBRip.x264-GalaxyTV[TGx]-21898.torrent": {"size": 1870.0, "cat": "TV > TV Packs", "lang": "English"}, "95e8-Helstrom.S01.COMPLETE.720p.HULU.WEBRip.x264-GalaxyTV[TGx]-32449.torrent": {"size": 2220.0, "cat": "TV > TV Packs", "lang": "English"}, "ed91-Star.Trek.Picard.S01E02.Maps.and.Legends.1080p.CBS.WEB-DL.AAC2.0.x264.H.264-[TGx]-17477.torrent": {"size": 1390.0, "cat": "TV > HD/X264/H264", "lang": "English"}, "f651-UFC.on.ESPN.14.WEB-DL.H264.Fight-BB[TGx]-8312.torrent": {"size": 2020.0, "cat": "TV > Sport", "lang": "English"}, "48da-Lost.in.Space.2018.S02.COMPLETE.720p.NF.WEBRip.x264-GalaxyTV[TGx]-15811.torrent": {"size": 2540.0, "cat": "TV > TV Packs", "lang": "English"}, "17b1-Watchmen.S01E07.WEB.h264-TBS[ettv].torrent": {"size": 251.0, "cat": "TV > SD/X264/H264", "lang": "English"}, "98d1-Swamp.Thing.2019.S01E03.WEB.x264-PHOENiX[TGx]-4328.torrent": {"size": 269.0, "cat": "TV > SD/X264/H264", "lang": "English"}, "08d0-Star.Trek.Picard.S01E04.WEBRip.x264-TBS[ettv].torrent": {"size": 235.0, "cat": "TV > SD/X264/H264", "lang": "English"}, "d008-Power.2014.S06E02.WEB.x264-PHOENiX[TGx]-22523.torrent": {"size": 331.0, "cat": "TV > SD/X264/H264", "lang": "English"}, "ecf4-Captain Marvel (2019) [WEBRip] [1080p] [YTS.AM].torrent": {"size": 1980.0, "cat": "Movies > HD 1080p", "lang": "English"}, "c821-spider-man-far-from-home-2019[1080p][WebRip].torrent": {"size": 2020.0, "cat": "Movies > HD 1080p", "lang": "English"}, "a79b-dark-phoenix-2019[1080p][BluRay].torrent": {"size": 1810.0, "cat": "Movies > HD 1080p", "lang": "English"}, "d4bd-the-lion-king-2019[1080p][BluRay].torrent": {"size": 1870.0, "cat": "Movies > HD 1080p", "lang": "English"}, "5a3a-fast-furious-presents-hobbs-shaw-2019[1080p][WebRip].torrent": {"size": 2110.0, "cat": "Movies > HD 1080p", "lang": "English"}, "d084-Fast.and.furious.presents.hobbs.and.shaw.2019.1080p-dual-lat-cinecalidad.is.mp4.torrent": {"size": 2190.0, "cat": "Movies > Dubs/Dual Audio", "lang": "English"}, "a80e-joker-2019[1080p][WebRip].torrent": {"size": 1910.0, "cat": "Movies > HD 1080p", "lang": "English"}, "0ba9-rambo-last-blood-2019[1080p][BluRay].torrent": {"size": 1590.0, "cat": "Movies > HD 1080p", "lang": "English"}, "46fe-john-wick-chapter-3-parabellum-2019[1080p][WebRip].torrent": {"size": 2050.0, "cat": "Movies > HD 1080p", "lang": "English"}, "e54b-captain-marvel-2019[720p][WebRip].torrent": {"size": 1030.0, "cat": "Movies > HD 720p", "lang": "English"}, "a80e-spider-man-far-from-home-2019[720p][WebRip].torrent": {"size": 1120.0, "cat": "Movies > HD 720p", "lang": "English"}, "d1c9-terminator-dark-fate-2019[1080p][WebRip].torrent": {"size": 2230.0, "cat": "Movies > HD 1080p", "lang": "English"}, "5e91-Once.Upon.A.Time.In.Hollywood.2019.720p.HDRip.900MB.x264-GalaxyRG[TGx]-20944.torrent": {"size": 898.0, "cat": "Movies > HD 720p", "lang": "English"}, "0a5b-angel-has-fallen-2019[1080p][WebRip].torrent": {"size": 1910.0, "cat": "Movies > HD 1080p", "lang": "English"}, "4bc4-fast-furious-presents-hobbs-shaw-2019[720p][WebRip].torrent": {"size": 1160.0, "cat": "Movies > HD 720p", "lang": "English"}, "c443-Sonic the Hedgehog (2020) [1080p] [WEBRip] [YTS.MX].torrent": {"size": 1650.0, "cat": "Movies > HD 1080p", "lang": ""}, "577f-414A6F933C48FC7543A9CDB42C854B5457C5BCC7.torrent": {"size": 3000.0, "cat": "Movies > HD 1080p", "lang": "English"}, "868b-the-lion-king-2019[720p][BluRay].torrent": {"size": 1040.0, "cat": "Movies > HD 720p", "lang": "English"}, "01db-\uc2a4\ud30c\uc774\ub354\ub9e8-\ud30c \ud504\ub86c \ud648 Spider.Man-Far.From.Home.2019.KOR.1080p.HDRip.H264.AAC-WHD.mp4.torrent": {"size": 3750.0, "cat": "Movies > HD 1080p", "lang": "English"}, "f7b9-Fast.and.Furious.Presents.Hobbs.And.Shaw.2019.1080p.HC.HDRip.X264.AC3-EVO[TGx]-21701.torrent": {"size": 3700.0, "cat": "Movies > HD 1080p", "lang": "English"}, "9cbf-toy-story-4-2019[1080p][BluRay].torrent": {"size": 1560.0, "cat": "Movies > HD 1080p", "lang": "English"}, "4dfd-angel-has-fallen-2019[720p][WebRip].torrent": {"size": 1060.0, "cat": "Movies > HD 720p", "lang": "English"}, "5556-Once Upon a Time ... in Hollywood (2019) [BluRay] [1080p] [YTS.LT].torrent": {"size": 2520.0, "cat": "Movies > HD 1080p", "lang": "English"}, "ec44-dumbo-2019[1080p][BluRay].torrent": {"size": 1790.0, "cat": "Movies > HD 1080p", "lang": "English"}, "7fb9-jumanji-the-next-level-2019[1080p][WebRip].torrent": {"size": 2190.0, "cat": "Movies > HD 1080p", "lang": "English"}, "874d-alita-battle-angel-2019[1080p][WebRip].torrent": {"size": 1960.0, "cat": "Movies > HD 1080p", "lang": "English"}, "6fc2-joker-2019[720p][WebRip].torrent": {"size": 1060.0, "cat": "Movies > HD 720p", "lang": "English"}, "bce8-rambo-last-blood-2019[720p][BluRay].torrent": {"size": 909.0, "cat": "Movies > HD 720p", "lang": "English"}, "4b55-Pokemon.Detective.Pikachu.2019.1080p.HDRip.x264.AAC2.0-STUTTERSHIT-[rarbg.to].torrent": {"size": 3530.0, "cat": "Movies > HD 1080p", "lang": "English"}, "26d5-terminator-dark-fate-2019[720p][WebRip].torrent": {"size": 1120.0, "cat": "Movies > HD 720p", "lang": "English"}, "d7c3-Sonic the Hedgehog (2020) [720p] [WEBRip] [YTS.MX].torrent": {"size": 911.0, "cat": "Movies > HD 720p", "lang": ""}, "4b52-captain-marvel-2019[1080p][BluRay].torrent": {"size": 1990.0, "cat": "Movies > HD 1080p", "lang": "English"}, "1433-Spider-Man Far from Home (2019) [BluRay] [1080p] [YTS.LT].torrent": {"size": 2029.9999999999998, "cat": "Movies > HD 1080p", "lang": "English"}, "db80-onward-2020[1080p][WebRip].torrent": {"size": 1890.0, "cat": "Movies > HD 1080p", "lang": "English"}, "4424-jumanji-the-next-level-2019[720p][WebRip].torrent": {"size": 1100.0, "cat": "Movies > HD 720p", "lang": "English"}, "f9b4-Avengers Endgame.2019.1080p.HDRip.X264-EVO[TGx]-27553.torrent": {"size": 4920.0, "cat": "Movies > HD 1080p", "lang": "English"}, "1fe8-6.Underground.2019.720p.NF.WEBRip.900MB.x264-GalaxyRG[TGx]-12991.torrent": {"size": 897.0, "cat": "Movies > HD 720p", "lang": "English"}, "3fc5-ad-astra-2019[1080p][WebRip].torrent": {"size": 1960.0, "cat": "Movies > HD 1080p", "lang": "English"}, "74df-the-irishman-2019[1080p][WebRip].torrent": {"size": 3250.0, "cat": "Movies > HD 1080p", "lang": "English"}, "d88b-Godzilla King of the Monsters (2019) [WEBRip] [1080p] [YTS.LT].torrent": {"size": 2210.0, "cat": "Movies > HD 1080p", "lang": "English"}, "7661-aladdin-2019[1080p][WebRip].torrent": {"size": 2120.0, "cat": "Movies > HD 1080p", "lang": "English"}, "b4f7-john-wick-chapter-3-parabellum-2019[720p][WebRip].torrent": {"size": 1120.0, "cat": "Movies > HD 720p", "lang": "English"}, "157c-1917.2019.DVDSCR.x264-TOPKEK[TGx]-21958.torrent": {"size": 1120.0, "cat": "Movies > SD X264/H264", "lang": "English"}, "600e-1917-2019[1080p][WebRip].torrent": {"size": 2110.0, "cat": "Movies > HD 1080p", "lang": "English"}, "b9eb-gemini-man-2019[720p][WebRip].torrent": {"size": 1010.0, "cat": "Movies > HD 720p", "lang": "English"}, "daa3-ad-astra-2019[720p][WebRip].torrent": {"size": 1090.0, "cat": "Movies > HD 720p", "lang": "English"}, "1cb4-Greyhound.2020.720p.ATVP.WEBRip.800MB.x264-GalaxyRG[TGx]-21668.torrent": {"size": 796.0, "cat": "Movies > HD 720p", "lang": "English"}, "9dd5-Fast.and.Furious.Presents.Hobbs.and.Shaw.2019.720p.HC.HDRip.900MB.x264-GalaxyRG[TGx]-4135.torrent": {"size": 899.0, "cat": "Movies > HD 720p", "lang": "English"}, "b23f-Captain.Marvel.2019.1080p.WEB-DL.DD5.1.H264-FGT-[rarbg.to].torrent": {"size": 4260.0, "cat": "Movies > HD 1080p", "lang": "English"}, "b02a-Joker.2019.HC.1080p.HDRip.X264.AC3-EVO[TGx]-18789.torrent": {"size": 3950.0, "cat": "Movies > HD 1080p", "lang": "English"}, "1af6-aladdin-2019[720p][WebRip].torrent": {"size": 1010.0, "cat": "Movies > HD 720p", "lang": "English"}, "204d-Mulan.2020.HDRip.XviD.AC3-EVO[TGx]-18957.torrent": {"size": 1400.0, "cat": "Movies > XviD", "lang": "English"}, "4fc1-El.Camino.A.Breaking.Bad.Movie.2019.720p.WEBRip.800MB.x264-GalaxyRG[TGx]-14759.torrent": {"size": 798.0, "cat": "Movies > HD 720p", "lang": "English"}, "8b07-the-aeronauts-2019[1080p][WebRip].torrent": {"size": 1570.0, "cat": "Movies > HD 1080p", "lang": "English"}, "a7e7-captive-state-2019[720p][BluRay].torrent": {"size": 936.0, "cat": "Movies > HD 720p", "lang": "English"}, "49a8-97F58867E989E0DA30CFC56522B08A01646F27D1.torrent": {"size": 2110.0, "cat": "Movies > HD 1080p", "lang": "English"}, "073d-hellboy-2019[1080p][WebRip].torrent": {"size": 1950.0, "cat": "Movies > HD 1080p", "lang": "English"}, "b20b-toy-story-4-2019[720p][BluRay].torrent": {"size": 882.0, "cat": "Movies > HD 720p", "lang": "English"}, "e76d-Men in Black International (2019) [WEBRip] [1080p] [YTS.LT].torrent": {"size": 1890.0, "cat": "Movies > HD 1080p", "lang": "English"}, "2656-Lion.King.2019.1080p.BluRay.1400MB.DD5.1.x264-GalaxyRG[TGx]-28796.torrent": {"size": 1430.0, "cat": "Movies > HD 1080p", "lang": "English"}, "921d-the-irishman-2019[720p][WebRip].torrent": {"size": 1790.0, "cat": "Movies > HD 720p", "lang": "English"}, "80c9-dolittle-2020[720p][WebRip].torrent": {"size": 931.0, "cat": "Movies > HD 720p", "lang": "English"}, "2850-9D62160EEE330397A7A7BABA989A269C58CCFD8E (1).torrent": {"size": 1430.0, "cat": "Movies > HD 720p", "lang": "English"}, "becd-captive-state-2019[1080p][BluRay].torrent": {"size": 1760.0, "cat": "Movies > HD 1080p", "lang": "English"}, "28da-Zombieland.Double.Tap.2019.HC.720p.HDRip.800MB.x264-GalaxyRG[TGx]-12405.torrent": {"size": 797.0, "cat": "Movies > HD 720p", "lang": "English"}, "d8e4-c41cd466a7a0536d55b2f05a97c68e8b774d351f.torrent": {"size": 2310.0, "cat": "Movies > HD 1080p", "lang": "English"}, "64b1-6-underground-2019[1080p][WebRip].torrent": {"size": 2029.9999999999998, "cat": "Movies > HD 1080p", "lang": "English"}, "70a1-motherless-brooklyn-2019[1080p][WebRip].torrent": {"size": 2490.0, "cat": "Movies > HD 1080p", "lang": "English"}, "8b71-77FC1E25B1B295D7827022712CB89C994A193427.torrent": {"size": 1100.0, "cat": "Movies > HD 720p", "lang": "English"}, "a461-Men.in.Black.International.2019.KOR.HDRip.1080p.H264.AAC-WHD.torrent": {"size": 3570.0, "cat": "Movies > HD 1080p", "lang": "English"}, "2e50-Anna.2019.720p.WEBRip.800MB.x264-GalaxyRG[TGx]-20377.torrent": {"size": 798.0, "cat": "Movies > HD 720p", "lang": "English"}, "d55f-6-underground-2019[720p][WebRip].torrent": {"size": 1130.0, "cat": "Movies > HD 720p", "lang": "English"}, "9a3e-alita-battle-angel-2019[720p][WebRip].torrent": {"size": 1020.0, "cat": "Movies > HD 720p", "lang": "English"}, "66b2-Bad Boys for Life.2020.1080p.HDRip.X264.AC3-EVO[TGx]-11213.torrent": {"size": 3580.0, "cat": "Movies > HD 1080p", "lang": "English"}, "72ec-Men in Black International (2019) [BluRay] [1080p] [YTS.LT].torrent": {"size": 1800.0, "cat": "Movies > HD 1080p", "lang": "English"}, "3856-el-camino-a-breaking-bad-movie-2019[1080p][WebRip].torrent": {"size": 1920.0, "cat": "Movies > HD 1080p", "lang": "English"}, "142b-dumbo-2019[720p][BluRay].torrent": {"size": 954.0, "cat": "Movies > HD 720p", "lang": "English"}, "6343-dolittle-2020[1080p][WebRip].torrent": {"size": 1870.0, "cat": "Movies > HD 1080p", "lang": "English"}, "4206-Men In Black International (2019) [WEBRip] [720p] [YTS.LT].torrent": {"size": 923.0, "cat": "Movies > HD 720p", "lang": "English"}, "514a-us-2019[720p][WebRip].torrent": {"size": 996.0, "cat": "Movies > HD 720p", "lang": "English"}, "2e98-the-addams-family-2019[1080p][WebRip].torrent": {"size": 1360.0, "cat": "Movies > HD 1080p", "lang": "English"}, "6ce6-The.Old.Guard.2020.720p.NF.WEBRip.800MB.x264-GalaxyRG[TGx]-11565.torrent": {"size": 797.0, "cat": "Movies > HD 720p", "lang": "English"}, "dbde-us-2019[1080p][WebRip].torrent": {"size": 1870.0, "cat": "Movies > HD 1080p", "lang": "English"}, "81a0-Godzilla King of the Monsters (2019) [WEBRip] [720p] [YTS.LT].torrent": {"size": 1060.0, "cat": "Movies > HD 720p", "lang": "English"}, "8000-Joker.2019.720p.HC.HDRip.800MB.x264-GalaxyRG[TGx]-7238.torrent": {"size": 798.0, "cat": "Movies > HD 720p", "lang": "English"}, "0c31-Lion.King.2019.DVDRip.XviD.AC3-EVO[EtMovies].torrent": {"size": 1540.0, "cat": "Movies > SD X264/H264", "lang": "English"}, "4cc3-[glodls.to]1917 (2019) [BluRay] [1080p] [YTS.LT].torrent": {"size": 2190.0, "cat": "Movies > HD 1080p", "lang": ""}, "92ce-birds-of-prey-and-the-fantabulous-emancipation-of-one-harley-quinn-2020[1080p][WebRip].torrent": {"size": 2009.9999999999998, "cat": "Movies > HD 1080p", "lang": "English"}, "8b83-Spider.Man.Far.From.Home.2019.1080p.WEBRip.x264.AAC2.0-SHITBOX-[rarbg.to].torrent": {"size": 4280.0, "cat": "Movies > HD 1080p", "lang": "English"}, "672b-abominable-2019[1080p][WebRip].torrent": {"size": 1520.0, "cat": "Movies > HD 1080p", "lang": "English"}, "d8e0-20D154CA4A99FFDEE7FC295908EBBA9C78081B41.torrent": {"size": 1020.0, "cat": "Movies > HD 1080p", "lang": "English"}, "3cbe-zombieland-double-tap-2019[720p][BluRay].torrent": {"size": 881.0, "cat": "Movies > HD 720p", "lang": "English"}, "7ad4-Ready.or.Not.2019.DVDRip.XviD.AC3-EVO[TGx]-11998.torrent": {"size": 1390.0, "cat": "Movies > XviD", "lang": "English"}, "2739-cold-pursuit-2019[720p][bluray].torrent": {"size": 1000.0, "cat": "Movies > HD 720p", "lang": "English"}, "3921-Knives.Out.2019.DVDScr.XVID.AC3.HQ.Hive-CM8[TGx]-26876.torrent": {"size": 1700.0, "cat": "Movies > XviD", "lang": "English"}, "d917-X-Men _ Dark Phoenix FRENCH DVDRIP 2019.torrent": {"size": 695.0, "cat": "Movies > XviD", "lang": "French"}, "6deb-the-angry-birds-movie-2-2019[720p][WebRip].torrent": {"size": 806.0, "cat": "Movies > HD 720p", "lang": "English"}, "c9fb-48BCD5FFD7A6303AC07CD88518FC034400ECCE39.torrent": {"size": 1570.0, "cat": "Movies > HD 1080p", "lang": "English"}, "cf05-Windows 10 Pro en-US v1909 x64 BiT Activated-KBO.torrent": {"size": 3590.0, "cat": "Software > Windows", "lang": "English"}, "a133-Adobe Photoshop 2020 v21.0.1.47 Multilanguage (Pre-Activated) {B4tman}.torrent": {"size": 2000.0, "cat": "Software > Windows", "lang": "English"}, "c1e8-Adobe Photoshop Lightroom Classic CC 2019 v8.2.1.10 (x64) (Pre-Activated) {B4tman}.torrent": {"size": 1170.0, "cat": "Software > Windows", "lang": "English"}, "133f-Windows 11 (Leaked) Dev Build 21996.1 Consumer Edition (x64) Incl. Activator {CracksHash}.torrent": {"size": 4540.0, "cat": "Software > Windows", "lang": "English"}, "0609-FTUApps.com-Microsoft-Office-Professional-Plus-2019-x64-x86-Multilingual-Pre-Activated.torrent": {"size": 1650.0, "cat": "Software > Windows", "lang": "English"}, "8d72-Windows 11 build 21996.1  x64  [TheWindowsForum.com].torrent": {"size": 4540.0, "cat": "Software > Windows", "lang": "English"}, "a74d-Windows All (7,8.1,10,11) All Editions With Updates AIO 88in1 (x86+x64) Oct 2021 Pre-Activated.torrent": {"size": 14810.0, "cat": "Software > Windows", "lang": "English"}, "50f9-Adele - 30 (2021) Mp3 320kbps [PMEDIA] \u2b50\ufe0f.torrent": {"size": 134.0, "cat": "Music > MP3", "lang": "English"}, "d3a5-VA - NOW 100 Hits Party (2019) Mp3 320kbps [PMEDIA] \u2b50\ufe0f.torrent": {"size": 925.0, "cat": "Music > MP3", "lang": "English"}, "f739-Nas - King's Disease (2020) Mp3 (320kbps) [Hunter].torrent": {"size": 95.0, "cat": "Music > MP3", "lang": "English"}, "946c-VA - Greatest Hits Ever (2019) Mp3 320kbps [PMEDIA] \u2b50\ufe0f.torrent": {"size": 1850.0, "cat": "Music > MP3", "lang": "English"}, "05d0-Abba - Voyage (2021) Mp3 320kbps [PMEDIA] \u2b50\ufe0f.torrent": {"size": 87.0, "cat": "Music > MP3", "lang": "English"}, "8267-Ed Sheeran - = (2021) Mp3 320kbps [PMEDIA] \u2b50\ufe0f.torrent": {"size": 129.0, "cat": "Music > MP3", "lang": "English"}, "8b0d-Drake - Dark Lane Demo Tapes (2020) Mp3 (320kbps) [Hunter].torrent": {"size": 119.0, "cat": "Music > MP3", "lang": "English"}, "9457-Post Malone - Hollywood's Bleeding (2019) Mp3 (320kbps) [Hunter].torrent": {"size": 137.0, "cat": "Music > MP3", "lang": "English"}, "8bcc-Avicii - TIM (2019) Mp3 (320 kbps) [Hunter].torrent": {"size": 90.0, "cat": "Music > MP3", "lang": "English"}, "e360-The Official UK Top 40 Singles Chart (24.05.2019) Mp3 320kbps Songs [PMEDIA].torrent": {"size": 302.0, "cat": "Music > MP3", "lang": "English"}, "0421-The Official UK Top 100- Biggest Songs Of The Decade 2010-2019 [320kbps] {YMB}.torrent": {"size": 888.0, "cat": "Music > MP3", "lang": "English"}, "6a5f-Tool - Fear Inoculum [2019] [320].torrent": {"size": 183.0, "cat": "Music > MP3", "lang": "English"}, "cd48-Billboard Hot 100 Singles Chart (16.03.2019) Mp3 Songs [PMEDIA].torrent": {"size": 768.0, "cat": "Music > MP3", "lang": "English"}, "ac05-Billboard Hot 100 Singles Chart (25.05.2019) Mp3 320kbps Quality Songs [PMEDIA].torrent": {"size": 767.0, "cat": "Music > MP3", "lang": "English"}, "db66-Rammstein - Rammstein (2019) [320].torrent": {"size": 106.0, "cat": "Music > MP3", "lang": "German"}, "37ba-VA - Best of 80s - 90s Songs (2019) Mp3 320kbps [PMEDIA].torrent": {"size": 1030.0, "cat": "Music > MP3", "lang": "English"}, "9a57-Billie Eilish - WHEN WE ALL FALL ASLEEP, WHERE DO WE GO (2019).torrent": {"size": 100.0, "cat": "Music > MP3", "lang": "English"}, "e576-Juice WRLD - Legends Never Die (2020) Mp3 (320kbps) [Hunter].torrent": {"size": 137.0, "cat": "Music > MP3", "lang": "English"}, "a463-Ed Sheeran &amp; Justin Bieber - I Don't Care (2019) Single Mp3 Song 320kbps [PMEDIA].torrent": {"size": 8.0, "cat": "Music > MP3", "lang": "English"}, "3425-Bruce Springsteen - Western Stars (2019) Mp3 (320 kbps) [Hunter].torrent": {"size": 118.0, "cat": "Music > MP3", "lang": "English"}, "f8a0-TOOL - Fear Inoculum (Deluxe) (2019) [FLAC].torrent": {"size": 465.0, "cat": "Music > FLAC", "lang": "English"}, "257d-Jeezy - TM104 The Legend of the Snowman (2019) Mp3 (320kbps) [Hunter].torrent": {"size": 136.0, "cat": "Music > MP3", "lang": "English"}, "44b7-Pop Smoke - Shoot for the Stars Aim for the Moon (2020) Mp3 320kbps [PMEDIA] \u2b50\ufe0f.torrent": {"size": 130.0, "cat": "Music > MP3", "lang": "English"}, "f811-The Chemical Brothers - No Geography (2019) Mp3 (320 kbps) [Hunter].torrent": {"size": 110.0, "cat": "Music > MP3", "lang": "English"}, "22b5-Iron Maiden - Senjutsu (2CD) (2021) Mp3 320kbps [PMEDIA] \u2b50\ufe0f.torrent": {"size": 189.0, "cat": "Music > MP3", "lang": "English"}, "3ea1-VA - NOW Thats What I Call A Summer Party (2019) Mp3 320kbps [PMEDIA].torrent": {"size": 341.0, "cat": "Music > MP3", "lang": "English"}, "5d2a-VA - Ministry Of Sound Anthems Electronic 90S (2019) Mp3 (320 kbps) [Hunter].torrent": {"size": 611.0, "cat": "Music > MP3", "lang": "English"}, "5c82-Bryan Adams - Shine A Light (2019) [320].torrent": {"size": 84.0, "cat": "Music > MP3", "lang": "English"}, "a888-VA - 100 Greatest Acoustic Songs (2019) Mp3 320kbps Quality Album [PMEDIA].torrent": {"size": 865.0, "cat": "Music > MP3", "lang": "English"}, "74aa-Bob Dylan - Rough and Rowdy Ways (2020) Mp3 320kbps Album [PMEDIA] \u2b50\ufe0f.torrent": {"size": 162.0, "cat": "Music > MP3", "lang": "English"}, "5a43-DJ Khaled - Father of Asahd [2019-Album].torrent": {"size": 128.0, "cat": "Music > MP3", "lang": "English"}, "fbfd-Billboard Hot 100 Singles Chart (04.05.2019) Mp3 320kbps Quality Songs [PMEDIA].torrent": {"size": 767.0, "cat": "Music > MP3", "lang": "English"}, "5864-VA - 100 Greatest Heartbreak (2019) Mp3 320kbps Songs [PMEDIA].torrent": {"size": 929.0, "cat": "Music > MP3", "lang": "English"}, "09a7-DJ Khaled \u2013 Father of Asahd (2019) [320].torrent": {"size": 126.0, "cat": "Music > MP3", "lang": "English"}, "3aaf-Vangelis - Nocturne (2019).torrent": {"size": 175.0, "cat": "Music > MP3", "lang": "English"}, "93cf-VA - 100 Greatest Coffee Break Songs (2020) Mp3 320kbps Album [PMEDIA] \u2b50\ufe0f.torrent": {"size": 890.0, "cat": "Music > MP3", "lang": "English"}, "5b4d-Gunna - Drip or Drown 2 (2019) Mp3 (320Kbps).torrent": {"size": 113.0, "cat": "Music > MP3", "lang": "English"}, "2418-VA - Best Of Disco Remix Hits (2019) Mp3 320kbps GROO.torrent": {"size": 950.0, "cat": "Music > MP3", "lang": "English"}, "": {"size": 9.0, "cat": "Software > Windows", "lang": "English"}, "7c53-Microsoft Office PRO Plus 2021 Retail Version 2108 Build 14326.20454 FULL [TheWindowsForum.com].torrent": {"size": 4200.0, "cat": "Software > Windows", "lang": "English"}, "2701-FTUApps.com-Adobe-Photoshop-2021-v22.0.0.35-x64-Multilingual-Pre-Activated.torrent": {"size": 2360.0, "cat": "Software > Windows", "lang": "English"}, "02f7-Internet Download Manager v6.32 Build 7 Retail + Crack {B4tman}.torrent": {"size": 11.0, "cat": "Software > Windows", "lang": "English"}, "cb9b-Final_Cut_Pro_10.4.4_MAS.torrent": {"size": 3020.0, "cat": "Software > Mac", "lang": "English"}, "b6a3-Internet Download Manager (IDM) 6.37 Build 10 Repack {B4tman}.torrent": {"size": 17.0, "cat": "Software > Windows", "lang": "English"}, "f41b-KMSOffline 2.0.9 (Windows &amp; Office Activator) {B4tman}.torrent": {"size": 6.0, "cat": "Software > Windows", "lang": "English"}, "84d3-Windows 10 Pro X64 incl Office 2019 en-US MAY 2020 {Gen2}.torrent": {"size": 4950.0, "cat": "Software > Windows", "lang": "English"}, "920f-FTUApps.com-KMSoffline-2.1.7-Beta1-x86-x64-Portable.torrent": {"size": 9.0, "cat": "Software > Windows", "lang": "English"}, "ea1b-FTUApps.com-ResumeMaker-Professional-Deluxe-20.1.2.170-x86-x64-Pre-Activated.torrent": {"size": 326.0, "cat": "Software > Windows", "lang": "English"}, "3e62-[FTUApps.com] - Internet Download Manager (IDM) 6.39 Build 8 Multilingual + SUPER CLEAN Crack.torrent": {"size": 16.0, "cat": "Software > Windows", "lang": "English"}, "4140-FTUApps.com-Windows-10-Xtreme-LiteOS-10-2104-21H1-SuperLite-x64-Multilingual-Pre-Activated.torrent": {"size": 2480.0, "cat": "Software > Windows", "lang": "English"}, "0c84-Malwarebytes Premium v4.2.0.82 + Fix (Lifetime Activation) {CracksHash}.torrent": {"size": 181.0, "cat": "Software > Windows", "lang": "English"}, "0613-CleanMyMac_X_4.0.2__TNT.torrent": {"size": 71.0, "cat": "Software > Mac", "lang": "English"}, "0826-FTUApps.com-Windows-11-Version-Dev-Build-21996.1-Consumer-Edition-Incl.-Office-2019-Pro-Plus-Pre-Activated.torrent": {"size": 7570.0, "cat": "Software > Windows", "lang": "English"}, "4fd0-Windows 10 Pro 19H2 X64 incl Office 2019 en-US OCT 2019 {Gen2}.torrent": {"size": 4940.0, "cat": "Software > Windows", "lang": "English"}, "c5ec-WinRAR 5.71 FINAL + Key [www.TheWindowsForum.com].torrent": {"size": 6.0, "cat": "Software > Windows", "lang": "English"}, "5b12-WinRAR 6.0 FINAL + Key [TheWindowsForum.com].torrent": {"size": 6.0, "cat": "Software > Windows", "lang": "English"}, "a107-Adobe_Photoshop_CC_2019_v20.0.0.256.torrent": {"size": 1680.0, "cat": "Software > Mac", "lang": "English"}, "1729-Computer Repair Shop Software v2.17.20251.1 + Fix {CracksHash}.torrent": {"size": 339.0, "cat": "Software > Windows", "lang": "English"}, "c86a-Microsoft Activation Script v0.8 Stable (Office And Windows Activators) {B4tman}.torrent": {"size": 6.0, "cat": "Software > Windows", "lang": "English"}, "6b73-Microsoft Windows 11 FINAL Build 22000.194 x64 UNTOUCHED ISO + Activator [TheWindowsForum.com].torrent": {"size": 5120.0, "cat": "Software > Windows", "lang": "English"}, "a88d-Foxit PhantomPDF Business 10.1.4.37651 FULL [TheWindowsForum].torrent": {"size": 685.0, "cat": "Software > Windows", "lang": "English"}, "afd4-FTUApps.com-Windows-KMS-Activator-Ultimate-2021-v5.5-Final.torrent": {"size": 14.0, "cat": "Software > Windows", "lang": "English"}, "b5b4-Windows 10 X64 Pro incl Office 2019 en-US DEC 2020 {Gen2}.torrent": {"size": 5310.0, "cat": "Software > Windows", "lang": "English"}, "a889-FTUApps.com-uTorrent-Pro-v3.5.5-Build-45852-Multilingual-Crack.torrent": {"size": 25.0, "cat": "Software > Windows", "lang": "English"}, "a0aa-Free Netflix Download Premium 5.0.1.905.rar.torrent": {"size": 45.0, "cat": "Software > Windows", "lang": "English"}, "9b48-Windows 10 Version 1903 untouched ISO + Activator [TheWindowsForum.com].torrent": {"size": 4600.0, "cat": "Software > Windows", "lang": "English"}, "5a55-OF.Mac.16.torrent": {"size": 1690.0, "cat": "Software > Mac", "lang": "English"}, "5220-Windows 11 Insider Preview Build 22000.51 (x64) 19 in 1 Incl. Activator {CracksHash}.torrent": {"size": 6870.0, "cat": "Software > Windows", "lang": "English"}, "4c97-IPTV Pro 5.0.11 [Paid] [Patched + AOSP] {B4tman}.torrent": {"size": 17.0, "cat": "Software > Android", "lang": "English"}, "1ba1-FTUApps.com-Adobe-Photoshop-2021-v22.2.0.183-x64-Multilingual-Portable.torrent": {"size": 2070.0, "cat": "Software > Windows", "lang": "English"}, "77ac-FTUApps.com-All-Files-Converter-PDF-DOC-JPG-GIF-MP3-AVI-v37-PRO-Apk.torrent": {"size": 64.0, "cat": "Software > Android", "lang": "English"}, "883d-FTUApps.com-Adobe-Acrobat-Pro-DC-v2020.013.20064-x86-x64-Multilingual-Portable.torrent": {"size": 831.0, "cat": "Software > Windows", "lang": "English"}, "bc14-CCleaner Professional 5.69.7865 + Keys {B4tman}.torrent": {"size": 25.0, "cat": "Software > Windows", "lang": "English"}, "df64-FTUApps.com-Summitsoft-FontPack-Pro-Master-Collection-2021-Activated.torrent": {"size": 441.0, "cat": "Software > Windows", "lang": "English"}, "7a45-Internet Download Manager (IDM) v6.39 Build 3 + FIx {CracksHash}.torrent": {"size": 10.0, "cat": "Software > Windows", "lang": "English"}, "6006-KMSOffline 2.1.0 (Windows &amp; Office Activator) {B4tman}.torrent": {"size": 7.0, "cat": "Software > Windows", "lang": "English"}, "1ebb-FTUApps.com-Internet-Download-Manager-IDM-6.38-Build-16-Multilingual-SUPER-CLEAN-Crack.torrent": {"size": 15.0, "cat": "Software > Windows", "lang": "English"}, "6ead-FTUApps.com-Format-Factory-5.4.5.0-x64-Multilingual-portable-Pre-Activated.torrent": {"size": 234.0, "cat": "Software > Windows", "lang": "English"}, "7424-Internet Download Manager (IDM) 6.32 Build 5 Final Repack [4REALTORRENTZ.COM].zip.torrent": {"size": 11.0, "cat": "Software > Windows", "lang": "English"}, "6c07-Motion_5.4.2_MAS.torrent": {"size": 2420.0, "cat": "Software > Mac", "lang": "English"}, "eb53-Internet Download Manager (IDM) 6.32 Build 6 Final - Repack elchupacabra [4REALTORRENTZ.COM].zip.torrent": {"size": 11.0, "cat": "Software > Windows", "lang": "English"}, "cb72-Adobe Acrobat PRO DC 2019.010.20098 + Crack [www.Tech-Tools.me].torrent": {"size": 883.0, "cat": "Software > Windows", "lang": "English"}, "511a-Windows 10 Digital Activation Program v1.3.9 {CracksHash}.torrent": {"size": 2.0, "cat": "Software > Windows", "lang": "English"}, "6107-Microsoft Activation Scripts v1.3 - Open Source &amp; Clean from Antivirus Detection {CracksHash}.torrent": {"size": 5.0, "cat": "Software > Windows", "lang": "English"}, "c309-CCleaner Professional Business Technician v5.56.7144 + Keys {B4tman}.torrent": {"size": 57.0, "cat": "Software > Windows", "lang": "English"}, "61f0-Revo Uninstaller Pro 4.0.0 FULL + Crack [ www.Tech-Tools.ME ].torrent": {"size": 18.0, "cat": "Software > Windows", "lang": "English"}, "bb14-Ratiborus KMS Tools April (01.04.2019) (Office And Windows Activators) {B4tman}.torrent": {"size": 43.0, "cat": "Software > Windows", "lang": "English"}, "a720-KMSOffline v2.3.1 (Windows and MS Office Activator).torrent": {"size": 7.0, "cat": "Software > Windows", "lang": "English"}, "514f-FTUApps.com-YouTube-By-Click-v2.2.142-Multilingual-Portable.torrent": {"size": 18.0, "cat": "Software > Windows", "lang": "English"}, "55e9-FTUApps.com-ESET-Internet-Security-NOD32-Antivirus-14.0.22.0-Multilingual-Patch.torrent": {"size": 182.0, "cat": "Software > Windows", "lang": "English"}, "7684-FTUApps.com-Format-Factory-v5.7.0-x64-Multilingual-Portable.torrent": {"size": 276.0, "cat": "Software > Windows", "lang": "English"}, "360f-Windows Repair 2018 v4.4.5 PRO + Crack [www.Tech-Tools.me].torrent": {"size": 40.0, "cat": "Software > Windows", "lang": "English"}, "cb62-FTUApps.com-TeraCopy-Pro-v3.5-RC-Multilingual-Key.torrent": {"size": 8.0, "cat": "Software > Windows", "lang": "English"}, "87f5-Windows 10 X64 Pro incl Office 2019 en-US JAN 2021 {Gen2}.torrent": {"size": 5660.0, "cat": "Software > Windows", "lang": "English"}, "39d7-Adobe Photoshop CC 2019 v20.0.4.26077 (x64) FULL [www.Tech-Tools.me].torrent": {"size": 1590.0, "cat": "Software > Windows", "lang": "English"}, "7a57-Compressor_4.4.2_MAS.torrent": {"size": 408.0, "cat": "Software > Mac", "lang": "English"}, "0c1d-Microsoft Office Professional Plus 2021 v2108 Build 14326.20144 (x86+x64) Incl. Activator {CracksHash}.torrent": {"size": 4160.0, "cat": "Software > Windows", "lang": "English"}, "2e73-uTorrent Pro 3.5.5 build 45395 Full [4REALTORRENTZ.COM].zip.torrent": {"size": 29.0, "cat": "Software > Windows", "lang": "English"}, "b65f-YTD Youtube Downloader 6.12.11 + Crack {B4tman}.torrent": {"size": 21.0, "cat": "Software > Windows", "lang": "English"}, "52e2-Internet Download Manager (IDM) 6.33 Build 2 Full - Repack elchupacabra [4REALTORRENTZ.COM].zip.torrent": {"size": 12.0, "cat": "Software > Windows", "lang": "English"}, "1927-Internet Download Manager (IDM) 6.35 Build 5 Full - Repack [4REALTORRENTZ.COM].zip.torrent": {"size": 13.0, "cat": "Software > Windows", "lang": "English"}, "d37a-FTUApps.com-Windows-Movie-Maker-2020-v8.0.8.2-x64-Multilingual-Pre-Activated.torrent": {"size": 283.0, "cat": "Software > Windows", "lang": "English"}, "1239-Windows 10 X64 Pro VL incl Office 2019 en-US SEP 2020 {Gen2}.torrent": {"size": 5100.0, "cat": "Software > Windows", "lang": "English"}, "a7d0-Office20191618.torrent": {"size": 1700.0, "cat": "Software > Mac", "lang": "English"}, "6a16-KMS 2038 &amp; Digital &amp; Online Activation Suite (Office and Windows Activators) 7.5 {B4tman}.torrent": {"size": 3.0, "cat": "Software > Windows", "lang": "English"}, "be8a-FTUApps.com-Adobe-Photoshop-2021-v22.5.2.491-x64-Multilingual-Pre-Activated-RePack.torrent": {"size": 2790.0, "cat": "Software > Windows", "lang": "English"}, "c6cb-FTUApps.com-Internet-Download-Manager-6.38-Build-15-Multilingual-SUPER-CLEAN-Crack.torrent": {"size": 15.0, "cat": "Software > Windows", "lang": "English"}, "bb96-Spotify Music Premium v8.5.3.716 {B4tman}.torrent": {"size": 33.0, "cat": "Software > Android", "lang": "English"}, "7998-Spotify Music Premium v8.4.97.807 Final  {B4tman}.torrent": {"size": 32.0, "cat": "Software > Android", "lang": "English"}, "024b-Dolby Access Premium 2019 For Window 10 {B4tman}.torrent": {"size": 47.0, "cat": "Software > Windows", "lang": "English"}, "197e-RedFlix TV App 2.0 [Mod] {B4tman}.torrent": {"size": 6.0, "cat": "Software > Android", "lang": "English"}, "1c38-Adobe Photoshop 2020 v21.2.4.323 (x64) Pre-Cracked {CracksHash}.torrent": {"size": 1810.0, "cat": "Software > Windows", "lang": "English"}, "d5f1-Avast! Internet Security + Premier Antivirus 2019 19.2.2364 Full [4REALTORRENTZ.COM].ZIP.torrent": {"size": 679.0, "cat": "Software > Windows", "lang": "English"}, "6905-FTUApps.com-VirtualDJ-2021-Pro-Infinity-v8.5.6263-x64Multilingual-Portable.torrent": {"size": 715.0, "cat": "Software > Windows", "lang": "English"}, "1b84-KMSOffline 2.1.2 (Windows &amp; Office Activator) {B4tman}.torrent": {"size": 7.0, "cat": "Software > Windows", "lang": "English"}, "37b0-PassFab iPhone Unlocker 2.1.4.8 + Crack {B4tman}.torrent": {"size": 18.0, "cat": "Software > Windows", "lang": "English"}, "dc6b-FTUApps.com-Internet-Download-Manager-IDM-6.38-Build-17-Multilingual-SUPER-CLEAN-Crack.torrent": {"size": 15.0, "cat": "Software > Windows", "lang": "English"}, "711d-uTorrent Pro 3.5.5 build 44994 Full [4REALTORRENTZ.COM].zip.torrent": {"size": 28.0, "cat": "Software > Windows", "lang": "English"}, "fce6-Internet Download Manager (IDM) v6.32 Build 9 Final + Crack (Video Tutorial) {B4tman}.torrent": {"size": 11.0, "cat": "Software > Windows", "lang": "English"}, "0729-Windows 10 X64 20H2 Pro OEM ESD MULTi-7 MARCH 2021 {Gen2}.torrent": {"size": 4850.0, "cat": "Software > Windows", "lang": "English"}, "eb16-Windows 10 Pro 19H2 X64 incl Office 2019 en-US NOV 2019 {Gen2}.torrent": {"size": 4920.0, "cat": "Software > Windows", "lang": "English"}, "a45e-Proton VPN for Pc v1.16.1 + Working Crack [MultiLang].torrent": {"size": 26.0, "cat": "Software > Windows", "lang": "English"}, "ba1f-DLL-Files Fixer 3.3.91.3181 + Keys {B4tman}.torrent": {"size": 7.0, "cat": "Software > Windows", "lang": "English"}, "4fe2-FTUApps.com-Windows-11-Xtreme-LiteOS-Edition-Build-22000.51-x64-Eng-Us-July-2021-Pre-Activated.torrent": {"size": 2780.0, "cat": "Software > Windows", "lang": "English"}, "57e5-Adobe Photoshop 2022 v23.0.0.36 (x64) Pre-Cracked {CracksHash}.torrent": {"size": 1450.0, "cat": "Software > Windows", "lang": "English"}, "954a-Taylor Swift - folklore (2020) Mp3 (320kbps) [Hunter].torrent": {"size": 159.0, "cat": "Music > MP3", "lang": "English"}, "864e-Drake - Certified Lover Boy (Explicit) (2021) Mp3 320kbps [PMEDIA] \u2b50\ufe0f.torrent": {"size": 199.0, "cat": "Music > MP3", "lang": "English"}, "8e3f-VA - 100 Greatest One Hit Wonders (2020) Mp3 320kbps [PMEDIA] \u2b50\ufe0f.torrent": {"size": 902.0, "cat": "Music > MP3", "lang": "English"}, "7090-Bad Boys For Life (Soundtrack) (2020).torrent": {"size": 71.0, "cat": "Music > MP3", "lang": "English"}, "fc35-Adele - 30 (2021) [24 Bit Hi-Res] FLAC [PMEDIA] \u2b50\ufe0f.torrent": {"size": 639.0, "cat": "Music > FLAC", "lang": "English"}, "037e-Van Morrison -Three Chords And The Truth [2019].torrent": {"size": 156.0, "cat": "Music > MP3", "lang": "English"}, "f828-J. Cole - The Off-Season (Explicit)  (2021) Mp3 320kbps [PMEDIA] \u2b50\ufe0f.torrent": {"size": 90.0, "cat": "Music > MP3", "lang": "English"}, "007a-The Official UK Top 40 Singles Chart (10.05.2019) Mp3 320kbps Songs [PMEDIA].torrent": {"size": 300.0, "cat": "Music > MP3", "lang": "English"}, "dc68-Future - SAVE ME (2019) Mp3 (320 kbps) [Hunter].torrent": {"size": 47.0, "cat": "Music > MP3", "lang": "English"}, "21ff-Sting - My Songs (2019) [320].torrent": {"size": 212.0, "cat": "Music > MP3", "lang": "English"}, "3462-VA - 100 Greatest Easy Listening Classics (2020) Mp3 320kbps [PMEDIA] \u2b50\ufe0f.torrent": {"size": 726.0, "cat": "Music > MP3", "lang": "English"}, "90cc-Bruno Mars - An Evening With Silk Sonic (2021) Mp3 320kbps [PMEDIA] \u2b50\ufe0f.torrent": {"size": 81.0, "cat": "Music > MP3", "lang": "English"}, "ed6d-VA - Aladdin (Original Motion Picture Soundtrack) (2019) Mp3 320kbps [PMEDIA].torrent": {"size": 177.0, "cat": "Music > MP3", "lang": "English"}, "0a90-The Beatles - Greatest Hits 2019 [320kbps] {YMB}.torrent": {"size": 115.0, "cat": "Music > MP3", "lang": "English"}, "159d-Billboard Hot 100 Singles Chart (09.03.2019) Mp3 Songs [PMEDIA].torrent": {"size": 780.0, "cat": "Music > MP3", "lang": "English"}, "7421-Ariana Grande - thank u, next (2019) [320].torrent": {"size": 95.0, "cat": "Music > MP3", "lang": "English"}, "6dcb-TOOL - Fear Inoculum (Deluxe) (2019) Mp3 (320kbps) [Hunter].torrent": {"size": 200.0, "cat": "Music > MP3", "lang": "English"}, "7b03-Tyga - Legendary (2019) [320].torrent": {"size": 99.0, "cat": "Music > MP3", "lang": "English"}, "14f6-The Official UK Top 40 Singles Chart (22.03.2019) Mp3 Songs [PMEDIA].torrent": {"size": 301.0, "cat": "Music > MP3", "lang": "English"}, "edf5-VA - Best Rock of All Time (2019) Mp3 320kbps Songs [PMEDIA].torrent": {"size": 940.0, "cat": "Music > MP3", "lang": "English"}, "1163-VA - Rocketman (Music From The Motion Picture) (2019) [320].torrent": {"size": 172.0, "cat": "Music > MP3", "lang": "English"}, "6cfe-The Official UK Top 40 Singles Chart (21.06.2019) Mp3 (320 kbps) [Hunter].torrent": {"size": 312.0, "cat": "Music > MP3", "lang": "English"}, "26ed-Madonna - Madame X (Deluxe) (2019).torrent": {"size": 147.0, "cat": "Music > MP3", "lang": "English"}, "d0cb-Yakuza.Kiwami.2-CODEX.torrent": {"size": 37480.0, "cat": "Games > Windows", "lang": "English"}, "77da-Outer.Wilds-CODEX.torrent": {"size": 4190.0, "cat": "Games > Windows", "lang": "English"}, "675c-codex-call.of.cthulhu.torrent": {"size": 11800.0, "cat": "Games > Windows", "lang": "English"}, "f12c-Sekiro.Shadows.Die.Twice-CODEX.torrent": {"size": 14490.0, "cat": "Games > Windows", "lang": "English"}, "988c-Stellaris_Ancient_Relics-HOODLUM.torrent": {"size": 7800.0, "cat": "Games > Windows", "lang": "English"}, "46d0-The_Dark_Pictures_Anthology_Man_of_Medan-HOODLUM.torrent": {"size": 35200.0, "cat": "Games > Windows", "lang": "English"}, "547b-Octopath.Traveler.CRACKFIX-CPY.torrent": {"size": null, "cat": "Games > Windows", "lang": "English"}, "01e1-Observation-HOODLUM.torrent": {"size": 5360.0, "cat": "Games > Windows", "lang": "English"}, "e245-UBOAT.zip.torrent": {"size": 8900.0, "cat": "Games > Windows", "lang": "English"}, "24d9-plaza-slay.the.spire.torrent": {"size": 870.0, "cat": "Games > Windows", "lang": "English"}, "812d-Swag.and.Sorcery.rar.torrent": {"size": 210.0, "cat": "Games > Windows", "lang": "English"}, "ec26-Forager.v1.0.1.rar.torrent": {"size": 90.0, "cat": "Games > Windows", "lang": "English"}, "19d7-A.Plague.Tale.Innocence-CODEX.torrent": {"size": 38480.0, "cat": "Games > Windows", "lang": "English"}, "d360-codex-unravel.two.torrent": {"size": 6610.0, "cat": "Games > Windows", "lang": "English"}, "dc96-cpy-acod.torrent": {"size": 62630.0, "cat": "Games > Windows", "lang": "English"}, "92e1-[HorribleSubs] One Punch Man S2 - 07 [1080p].mkv.torrent": {"size": 853.0, "cat": "Anime > Dubbed/Subbed", "lang": "Japanese"}, "b403-[HorribleSubs] One Punch Man S2 - 08 [1080p].mkv.torrent": {"size": 910.0, "cat": "Anime > Dubbed/Subbed", "lang": "Japanese"}, "6833-[HorribleSubs] One Punch Man S2 - 07 [720p].mkv.torrent": {"size": 408.0, "cat": "Anime > Dubbed/Subbed", "lang": "Japanese"}, "ec0d-[HorribleSubs] Boku no Hero Academia - 66 [1080p].mkv.torrent": {"size": 1350.0, "cat": "Anime > Dubbed/Subbed", "lang": "English"}, "97fd-[HorribleSubs] Tate no Yuusha no Nariagari - 20 [1080p].mkv.torrent": {"size": 998.0, "cat": "Anime > Dubbed/Subbed", "lang": "Japanese"}, "d18e-[HorribleSubs] One Punch Man S2 - 10 [1080p].mkv.torrent": {"size": 769.0, "cat": "Anime > Dubbed/Subbed", "lang": "Japanese"}, "5475-[HorribleSubs] Shingeki no Kyojin S3 - 54 [1080p].mkv.torrent": {"size": 1130.0, "cat": "Anime > Dubbed/Subbed", "lang": "Japanese"}, "1c59-[HorribleSubs] Boku no Hero Academia - 65 [1080p].mkv.torrent": {"size": 1350.0, "cat": "Anime > Dubbed/Subbed", "lang": "Japanese"}, "5ad6-[HorribleSubs] Tate no Yuusha no Nariagari - 21 [1080p].mkv.torrent": {"size": 637.0, "cat": "Anime > Dubbed/Subbed", "lang": "Japanese"}, "06ae-[HorribleSubs] Shingeki no Kyojin S3 - 57 [1080p].mkv.torrent": {"size": 918.0, "cat": "Anime > Dubbed/Subbed", "lang": "Japanese"}, "3e48-[HorribleSubs] Tate no Yuusha no Nariagari - 24 [1080p].mkv.torrent": {"size": 973.0, "cat": "Anime > Dubbed/Subbed", "lang": "Japanese"}, "e81a-[HorribleSubs] Boku no Hero Academia - 65 [720p].mkv.torrent": {"size": 703.0, "cat": "Anime > Dubbed/Subbed", "lang": "Japanese"}, "3356-[HorribleSubs] Shingeki no Kyojin S3 - 55 [1080p].mkv.torrent": {"size": 1030.0, "cat": "Anime > Dubbed/Subbed", "lang": "Japanese"}, "25c3-[HorribleSubs] Kimetsu no Yaiba - 21 [1080p].mkv.torrent": {"size": 1340.0, "cat": "Anime > Dubbed/Subbed", "lang": "Japanese"}, "f5e1-[HorribleSubs] Boku no Hero Academia - 64 [1080p].mkv.torrent": {"size": 1350.0, "cat": "Anime > Dubbed/Subbed", "lang": "Japanese"}, "87ff-[HorribleSubs] Sword Art Online - Alicization - War of Underworld - 07 [1080p].mkv.torrent": {"size": 1340.0, "cat": "Anime > Dubbed/Subbed", "lang": "English"}, "e2a0-[HorribleSubs] Tate no Yuusha no Nariagari - 23 [1080p].mkv.torrent": {"size": 777.0, "cat": "Anime > Dubbed/Subbed", "lang": "Japanese"}, "85f2-[HorribleSubs] Dr. Stone - 17 [1080p].mkv.torrent": {"size": 1370.0, "cat": "Anime > Dubbed/Subbed", "lang": "English"}, "289c-[HorribleSubs] Boku no Hero Academia - 66 [720p].mkv.torrent": {"size": 703.0, "cat": "Anime > Dubbed/Subbed", "lang": "English"}, "26e1-[HorribleSubs] Tate no Yuusha no Nariagari - 24 [720p].mkv.torrent": {"size": 467.0, "cat": "Anime > Dubbed/Subbed", "lang": "Japanese"}, "3193-[HorribleSubs] Tate no Yuusha no Nariagari - 21 [720p].mkv.torrent": {"size": 307.0, "cat": "Anime > Dubbed/Subbed", "lang": "Japanese"}, "e7a8-[HorribleSubs] Dr. Stone - 17 [720p].mkv.torrent": {"size": 710.0, "cat": "Anime > Dubbed/Subbed", "lang": "English"}, "fc28-[HorribleSubs] Kimetsu no Yaiba - 25 [1080p].mkv.torrent": {"size": 1340.0, "cat": "Anime > Dubbed/Subbed", "lang": "Japanese"}, "1a03-[HorribleSubs] Dr. Stone - 14 [1080p].mkv.torrent": {"size": 1360.0, "cat": "Anime > Dubbed/Subbed", "lang": "Japanese"}, "1cb4-[HorribleSubs] Tate no Yuusha no Nariagari - 23 [720p].mkv.torrent": {"size": 374.0, "cat": "Anime > Dubbed/Subbed", "lang": "Japanese"}, "3763-[HorribleSubs] Sword Art Online - Alicization - War of Underworld - 03 [1080p].mkv.torrent": {"size": 1340.0, "cat": "Anime > Dubbed/Subbed", "lang": "English"}, "0aac-[HorribleSubs] Dr. Stone - 09 [1080p].mkv.torrent": {"size": 1370.0, "cat": "Anime > Dubbed/Subbed", "lang": "Japanese"}, "70c7-[HorribleSubs] Dr. Stone - 13 [1080p].mkv.torrent": {"size": 1370.0, "cat": "Anime > Dubbed/Subbed", "lang": "Japanese"}, "ea4a-[HorribleSubs] One Punch Man S2 - 08 [720p].mkv.torrent": {"size": 436.0, "cat": "Anime > Dubbed/Subbed", "lang": "Japanese"}, "bffd-[HorribleSubs] Dr. Stone - 08 [1080p].mkv(1).torrent": {"size": 1370.0, "cat": "Anime > Dubbed/Subbed", "lang": "Japanese"}, "eb26-[HorribleSubs] Dr. Stone - 12 [1080p].mkv.torrent": {"size": 1370.0, "cat": "Anime > Dubbed/Subbed", "lang": "Japanese"}, "bf3c-[HorribleSubs] Sword Art Online - Alicization - War of Underworld - 03 [720p].mkv.torrent": {"size": 697.0, "cat": "Anime > Dubbed/Subbed", "lang": "English"}, "bff2-[HorribleSubs] Dr. Stone - 16 [720p].mkv.torrent": {"size": 712.0, "cat": "Anime > Dubbed/Subbed", "lang": "Japanese"}, "3d51-[HorribleSubs] Dr. Stone - 16 [1080p].mkv.torrent": {"size": 1370.0, "cat": "Anime > Dubbed/Subbed", "lang": "Japanese"}, "9fb0-[HorribleSubs] One Punch Man S2 - 10 [720p].mkv.torrent": {"size": 362.0, "cat": "Anime > Dubbed/Subbed", "lang": "Japanese"}, "180a-[HorribleSubs] Tate no Yuusha no Nariagari - 20 [720p].mkv.torrent": {"size": 495.0, "cat": "Anime > Dubbed/Subbed", "lang": "Japanese"}, "30ad-[HorribleSubs] Kimetsu no Yaiba - 23 [1080p].mkv.torrent": {"size": 1340.0, "cat": "Anime > Dubbed/Subbed", "lang": "Japanese"}, "ee2d-[HorribleSubs] Kimetsu no Yaiba - 24 [1080p].mkv.torrent": {"size": 1340.0, "cat": "Anime > Dubbed/Subbed", "lang": "Japanese"}, "1f19-[HorribleSubs] Dr. Stone - 14 [720p].mkv.torrent": {"size": 710.0, "cat": "Anime > Dubbed/Subbed", "lang": "Japanese"}, "31ad-[HorribleSubs] Kimetsu no Yaiba - 25 [720p].mkv.torrent": {"size": 698.0, "cat": "Anime > Dubbed/Subbed", "lang": "Japanese"}, "93be-[HorribleSubs] Kimetsu no Yaiba - 09 [1080p].mkv.torrent": {"size": 1060.0, "cat": "Anime > Dubbed/Subbed", "lang": "Japanese"}, "75b5-[HorribleSubs] Shinchou Yuusha - 03 [1080p].mkv.torrent": {"size": 1310.0, "cat": "Anime > Dubbed/Subbed", "lang": "English"}, "4146-[HorribleSubs] One Punch Man S2 - 11 [1080p].mkv.torrent": {"size": 1020.0, "cat": "Anime > Dubbed/Subbed", "lang": "Japanese"}, "8ccd-[HorribleSubs] Vinland Saga - 13 [720p].mkv.torrent": {"size": 289.0, "cat": "Anime > Dubbed/Subbed", "lang": "Japanese"}, "b8df-[HorribleSubs] Kimetsu no Yaiba - 08 [1080p].mkv.torrent": {"size": 784.0, "cat": "Anime > Dubbed/Subbed", "lang": "Japanese"}, "6cb8-[HorribleSubs] Sword Art Online - Alicization - War of Underworld - 07 [720p].mkv.torrent": {"size": 696.0, "cat": "Anime > Dubbed/Subbed", "lang": "English"}, "e009-[HorribleSubs] PSYCHO-PASS 3 - 01 [720p].mkv.torrent": {"size": 1200.0, "cat": "Anime > Dubbed/Subbed", "lang": "English"}, "b7ba-[HorribleSubs] Dr. Stone - 13 [720p].mkv.torrent": {"size": 711.0, "cat": "Anime > Dubbed/Subbed", "lang": "Japanese"}, "37a0-[HorribleSubs] Vinland Saga - 16 [1080p].mkv.torrent": {"size": 693.0, "cat": "Anime > Dubbed/Subbed", "lang": "English"}, "5d80-[HorribleSubs] Shingeki no Kyojin S3 - 55 [720p].mkv.torrent": {"size": 477.0, "cat": "Anime > Dubbed/Subbed", "lang": "Japanese"}, "f62d-[HorribleSubs] Shinchou Yuusha - 03 [720p].mkv.torrent": {"size": 599.0, "cat": "Anime > Dubbed/Subbed", "lang": "English"}, "b251-[HorribleSubs] Shingeki no Kyojin S3 - 54 [720p].mkv.torrent": {"size": 555.0, "cat": "Anime > Dubbed/Subbed", "lang": "Japanese"}, "ce5c-[HorribleSubs] Kimetsu no Yaiba - 07 [1080p].mkv.torrent": {"size": 809.0, "cat": "Anime > Dubbed/Subbed", "lang": "Japanese"}, "3701-[HorribleSubs] Vinland Saga - 19 [1080p].mkv.torrent": {"size": 661.0, "cat": "Anime > Dubbed/Subbed", "lang": "English"}, "f56b-[HorribleSubs] Vinland Saga - 16 [720p].mkv.torrent": {"size": 262.0, "cat": "Anime > Dubbed/Subbed", "lang": "English"}, "3d6a-[HorribleSubs] Kimetsu no Yaiba - 12 [1080p].mkv.torrent": {"size": 795.0, "cat": "Anime > Dubbed/Subbed", "lang": "Japanese"}, "0e6b-[HorribleSubs] JoJo's Bizarre Adventure - Golden Wind - 31 [1080p].mkv.torrent": {"size": 1140.0, "cat": "Anime > Dubbed/Subbed", "lang": "Japanese"}, "2bd8-[HorribleSubs] DanMachi S2 - 07 [720p].mkv.torrent": {"size": 720.0, "cat": "Anime > Dubbed/Subbed", "lang": "Japanese"}, "2a31-[HorribleSubs] Enen no Shouboutai - 14 [1080p].mkv.torrent": {"size": 1360.0, "cat": "Anime > Dubbed/Subbed", "lang": "English"}, "e753-[HorribleSubs] Sword Art Online - Alicization - War of Underworld - 02 [1080p].mkv.torrent": {"size": 1340.0, "cat": "Anime > Dubbed/Subbed", "lang": "Japanese"}, "377e-[HorribleSubs] Kimetsu no Yaiba - 09 [720p].mkv.torrent": {"size": 478.0, "cat": "Anime > Dubbed/Subbed", "lang": "Japanese"}, "e794-[HorribleSubs] DanMachi S2 - 08 [1080p].mkv.torrent": {"size": 1390.0, "cat": "Anime > Dubbed/Subbed", "lang": "Japanese"}, "cf82-[HorribleSubs] Enen no Shouboutai - 11 [1080p].mkv.torrent": {"size": 1360.0, "cat": "Anime > Dubbed/Subbed", "lang": "Japanese"}, "3d48-[HorribleSubs] Shinchou Yuusha - 06 [720p].mkv.torrent": {"size": 576.0, "cat": "Anime > Dubbed/Subbed", "lang": "English"}, "614a-[HorribleSubs] DanMachi S2 - 11 [1080p].mkv.torrent": {"size": 1380.0, "cat": "Anime > Dubbed/Subbed", "lang": "Japanese"}, "acf1-[HorribleSubs] Kimetsu no Yaiba - 21 [720p].mkv.torrent": {"size": 698.0, "cat": "Anime > Dubbed/Subbed", "lang": "Japanese"}, "94c2-[HorribleSubs] Shingeki no Kyojin S3 - 57 [720p].mkv.torrent": {"size": 394.0, "cat": "Anime > Dubbed/Subbed", "lang": "Japanese"}, "4bee-[HorribleSubs] Boku no Hero Academia - 64 [720p].mkv.torrent": {"size": 703.0, "cat": "Anime > Dubbed/Subbed", "lang": "Japanese"}, "fcd1-[HorribleSubs] Fate Grand Order - Absolute Demonic Front Babylonia - 04 [720p].mkv.torrent": {"size": 588.0, "cat": "Anime > Dubbed/Subbed", "lang": "English"}, "9eaa-[HorribleSubs] DanMachi S2 - 12 [1080p].mkv.torrent": {"size": 1390.0, "cat": "Anime > Dubbed/Subbed", "lang": "Japanese"}, "929a-[HorribleSubs] Enen no Shouboutai - 13 [1080p].mkv.torrent": {"size": 1360.0, "cat": "Anime > Dubbed/Subbed", "lang": "Japanese"}, "7da1-[HorribleSubs] Kimetsu no Yaiba - 08 [720p].mkv.torrent": {"size": 373.0, "cat": "Anime > Dubbed/Subbed", "lang": "English"}, "2586-[HorribleSubs] Shingeki no Kyojin S3 - 56 [720p].mkv.torrent": {"size": 456.0, "cat": "Anime > Dubbed/Subbed", "lang": "Japanese"}, "52c5-[HorribleSubs] Shingeki no Kyojin S3 - 59 [1080p].mkv.torrent": {"size": 1020.0, "cat": "Anime > Dubbed/Subbed", "lang": "Japanese"}, "ec03-[HorribleSubs] Assassins Pride - 03 [720p].mkv.torrent": {"size": 704.0, "cat": "Anime > Dubbed/Subbed", "lang": "English"}, "327a-[HorribleSubs] Vinland Saga - 12 [1080p].mkv.torrent": {"size": 725.0, "cat": "Anime > Dubbed/Subbed", "lang": "Japanese"}, "e7c6-[HorribleSubs] Fate Grand Order - Absolute Demonic Front Babylonia - 04 [1080p].mkv.torrent": {"size": 1290.0, "cat": "Anime > Dubbed/Subbed", "lang": "English"}, "32af-[HorribleSubs] Kimetsu no Yaiba - 11 [1080p].mkv.torrent": {"size": 797.0, "cat": "Anime > Dubbed/Subbed", "lang": "Japanese"}, "b159-[HorribleSubs] Vinland Saga - 15 [1080p].mkv.torrent": {"size": 649.0, "cat": "Anime > Dubbed/Subbed", "lang": "English"}, "9489-[HorribleSubs] Enen no Shouboutai - 14 [720p].mkv.torrent": {"size": 705.0, "cat": "Anime > Dubbed/Subbed", "lang": "English"}, "2bb2-[HorribleSubs] Vinland Saga - 19 [720p].mkv.torrent": {"size": 264.0, "cat": "Anime > Dubbed/Subbed", "lang": "English"}, "3c8d-[HorribleSubs] One Punch Man S2 - 11 [720p].mkv.torrent": {"size": 507.0, "cat": "Anime > Dubbed/Subbed", "lang": "Japanese"}, "d0c2-[HorribleSubs] Enen no Shouboutai - 07 [720p].mkv.torrent": {"size": 707.0, "cat": "Anime > Dubbed/Subbed", "lang": "Japanese"}, "781b-[HorribleSubs] Kimetsu no Yaiba - 07 [720p].mkv.torrent": {"size": 394.0, "cat": "Anime > Dubbed/Subbed", "lang": "Japanese"}, "5956-[HorribleSubs] Kimetsu no Yaiba - 12 [720p].mkv.torrent": {"size": 381.0, "cat": "Anime > Dubbed/Subbed", "lang": "Japanese"}, "c23f-[HorribleSubs] Kenja no Mago - 10 [720p].mkv.torrent": {"size": 414.0, "cat": "Anime > Dubbed/Subbed", "lang": "Japanese"}, "67a4-[HorribleSubs] Shinchou Yuusha - 06 [1080p].mkv.torrent": {"size": 1240.0, "cat": "Anime > Dubbed/Subbed", "lang": "English"}, "70a4-[HorribleSubs] Black Clover - 110 [720p].mkv.torrent": {"size": 706.0, "cat": "Anime > Dubbed/Subbed", "lang": "English"}, "d444-[HorribleSubs] Boku no Hero Academia - 67 [1080p].mkv.torrent": {"size": 1350.0, "cat": "Anime > Dubbed/Subbed", "lang": "English"}, "ae6d-[HorribleSubs] Vinland Saga - 11 [1080p].mkv.torrent": {"size": 904.0, "cat": "Anime > Dubbed/Subbed", "lang": "Japanese"}, "7677-[HorribleSubs] Sword Art Online - Alicization - War of Underworld - 02 [720p].mkv.torrent": {"size": 698.0, "cat": "Anime > Dubbed/Subbed", "lang": "Japanese"}, "ddaa-[HorribleSubs] Vinland Saga - 09 [1080p].mkv.torrent": {"size": 708.0, "cat": "Anime > Dubbed/Subbed", "lang": "Japanese"}, "15a5-[HorribleSubs] Enen no Shouboutai - 13 [720p].mkv.torrent": {"size": 707.0, "cat": "Anime > Dubbed/Subbed", "lang": "Japanese"}, "7b94-[HorribleSubs] Black Clover - 106 [720p].mkv.torrent": {"size": 705.0, "cat": "Anime > Dubbed/Subbed", "lang": "English"}, "aab9-[HorribleSubs] Kenja no Mago - 07 [1080p].mkv.torrent": {"size": 753.0, "cat": "Anime > Dubbed/Subbed", "lang": "English"}, "1189-[HorribleSubs] Kenja no Mago - 09 [720p].mkv.torrent": {"size": 318.0, "cat": "Anime > Dubbed/Subbed", "lang": "Japanese"}, "c19b-[HorribleSubs] Sword Art Online - Alicization - War of Underworld - 01 [720p].mkv.torrent": {"size": 695.0, "cat": "Anime > Dubbed/Subbed", "lang": "Japanese"}, "ec76-[HorribleSubs] One Piece - 908 [1080p].mkv.torrent": {"size": 1350.0, "cat": "Anime > Dubbed/Subbed", "lang": "English"}, "f150-[HorribleSubs] Dr. Stone - 15 [720p].mkv.torrent": {"size": 711.0, "cat": "Anime > Dubbed/Subbed", "lang": "Japanese"}, "5350-Marvel Week+ (08-19-2020).torrent": {"size": 510.0, "cat": "Books > Comics", "lang": "English"}, "d716-50 Assorted Magazines - October 6 2020 Part 1.torrent": {"size": 3020.0, "cat": "Books > Magazines", "lang": "English"}, "d9fc-Marvel Week+ (09-25-2019).torrent": {"size": 1310.0, "cat": "Books > Comics", "lang": "English"}, "1104-50 Assorted Magazines - January 16 2019.torrent": {"size": 1820.0, "cat": "Books > Magazines", "lang": "English"}, "038d-Marvel Week+ (10-23-2019).torrent": {"size": 1110.0, "cat": "Books > Comics", "lang": "English"}, "d7cb-Marvel Week+ (04-03-2019).torrent": {"size": 1080.0, "cat": "Books > Comics", "lang": "English"}}